🎙️ Transcription: using Bailian Realtime ASR
🎯 Clicky: Starting...
🎯 Clicky: Version 1.0
🔑 Permissions — accessibility: true, screen: true, mic: true, screenContent: false
🔑 Clicky start — accessibility: true, screen: true, mic: true, screenContent: true, onboarded: true
💬 Clicky: restored 19 exchanges from session 「你好」
⏱️ [hitch] main thread busy for 44ms
⏱️ [hitch] main thread busy for 45ms
⏱️ [hitch] main thread busy for 44ms
⏱️ [hitch] main thread busy for 43ms
⏱️ [hitch] main thread busy for 50ms
⏱️ [hitch] main thread busy for 43ms
⏱️ [hitch] main thread busy for 43ms
⏱️ [hitch] main thread busy for 41ms
⏱️ [hitch] main thread busy for 48ms
⏱️ [hitch] main thread busy for 48ms
⏱️ [hitch] main thread busy for 42ms
⏱️ [hitch] main thread busy for 51ms
⏱️ [hitch] main thread busy for 44ms
⏱️ [hitch] main thread busy for 44ms
⏱️ [hitch] main thread busy for 41ms
⏱️ [hitch] main thread busy for 43ms
⏱️ [hitch] main thread busy for 40ms
⏱️ [hitch] main thread busy for 44ms
⏱️ [hitch] main thread busy for 49ms
⏱️ [hitch] main thread busy for 44ms
⏱️ [hitch] main thread busy for 44ms
⏱️ [hitch] main thread busy for 40ms
⏱️ [hitch] main thread busy for 44ms
⏱️ [hitch] main thread busy for 47ms
⏱️ [hitch] main thread busy for 49ms
⏱️ [hitch] main thread busy for 44ms
⏱️ [hitch] main thread busy for 51ms
⏱️ [hitch] main thread busy for 42ms
⏱️ [hitch] main thread busy for 43ms
⏱️ [hitch] main thread busy for 47ms
⏱️ [hitch] main thread busy for 42ms
⏱️ [hitch] main thread busy for 48ms
⏱️ [hitch] main thread busy for 43ms
⏱️ [hitch] main thread busy for 44ms
⏱️ [hitch] main thread busy for 46ms
⏱️ [hitch] main thread busy for 43ms
⏱️ [hitch] main thread busy for 40ms
⏱️ [hitch] main thread busy for 42ms
⏱️ [hitch] main thread busy for 46ms
⏱️ [hitch] main thread busy for 43ms
⏱️ [hitch] main thread busy for 42ms
⏱️ [hitch] main thread busy for 48ms
⏱️ [hitch] main thread busy for 43ms
⏱️ [hitch] main thread busy for 47ms
⏱️ [hitch] main thread busy for 45ms
⏱️ [hitch] main thread busy for 44ms
⏱️ [hitch] main thread busy for 46ms
⏱️ [hitch] main thread busy for 42ms
⏱️ [hitch] main thread busy for 42ms
⏱️ [hitch] main thread busy for 42ms
⏱️ [hitch] main thread busy for 45ms
⏱️ [hitch] main thread busy for 41ms
⏱️ [hitch] main thread busy for 45ms
⏱️ [hitch] main thread busy for 43ms
⏱️ [hitch] main thread busy for 49ms
⏱️ [hitch] main thread busy for 41ms
⏱️ [hitch] main thread busy for 41ms
⏱️ [hitch] main thread busy for 41ms
⏱️ [hitch] main thread busy for 42ms
⏱️ [hitch] main thread busy for 42ms
⏱️ [hitch] main thread busy for 45ms
⏱️ [hitch] main thread busy for 44ms
⏱️ [hitch] main thread busy for 42ms
⏱️ [hitch] main thread busy for 45ms
⏱️ [hitch] main thread busy for 42ms
⏱️ [hitch] main thread busy for 48ms
⏱️ [hitch] main thread busy for 43ms
⏱️ [hitch] main thread busy for 46ms
⏱️ [hitch] main thread busy for 43ms
⏱️ [hitch] main thread busy for 43ms
⏱️ [hitch] main thread busy for 46ms
⏱️ [hitch] main thread busy for 49ms
⏱️ [hitch] main thread busy for 42ms
⏱️ [hitch] main thread busy for 41ms
⏱️ [hitch] main thread busy for 46ms
⏱️ [hitch] main thread busy for 45ms
⏱️ [hitch] main thread busy for 47ms
⏱️ [hitch] main thread busy for 43ms
⏱️ [hitch] main thread busy for 43ms
⏱️ [hitch] main thread busy for 43ms
⏱️ [hitch] main thread busy for 43ms
⏱️ [hitch] main thread busy for 43ms
⏱️ [hitch] main thread busy for 40ms
⏱️ [hitch] main thread busy for 47ms
⏱️ [hitch] main thread busy for 43ms
⏱️ [hitch] main thread busy for 42ms
⏱️ [hitch] main thread busy for 46ms
⏱️ [hitch] main thread busy for 44ms
⏱️ [hitch] main thread busy for 42ms
⏱️ [hitch] main thread busy for 41ms
⏱️ [hitch] main thread busy for 44ms
⏱️ [hitch] main thread busy for 45ms
⏱️ [hitch] main thread busy for 45ms
⏱️ [hitch] main thread busy for 46ms
⏱️ [hitch] main thread busy for 42ms
⏱️ [hitch] main thread busy for 47ms
⏱️ [hitch] main thread busy for 41ms
⏱️ [hitch] main thread busy for 42ms
⏱️ [hitch] main thread busy for 43ms
⏱️ [hitch] main thread busy for 45ms
⏱️ [hitch] main thread busy for 42ms
⏱️ [hitch] main thread busy for 43ms
⏱️ [hitch] main thread busy for 45ms
⏱️ [hitch] main thread busy for 41ms
⏱️ [hitch] main thread busy for 43ms
⏱️ [hitch] main thread busy for 40ms
⏱️ [hitch] main thread busy for 41ms
⏱️ [hitch] main thread busy for 46ms
⏱️ [hitch] main thread busy for 41ms
⏱️ [hitch] main thread busy for 40ms
⏱️ [hitch] main thread busy for 46ms
⏱️ [hitch] main thread busy for 41ms
⏱️ [hitch] main thread busy for 48ms
⏱️ [hitch] main thread busy for 45ms
⏱️ [hitch] main thread busy for 40ms
⏱️ [hitch] main thread busy for 41ms
⏱️ [hitch] main thread busy for 43ms
⏱️ [hitch] main thread busy for 42ms
⏱️ [hitch] main thread busy for 42ms
⏱️ [hitch] main thread busy for 44ms
⏱️ [hitch] main thread busy for 40ms
⏱️ [hitch] main thread busy for 41ms
⏱️ [hitch] main thread busy for 44ms
⏱️ [hitch] main thread busy for 47ms
⏱️ [hitch] main thread busy for 42ms
⏱️ [hitch] main thread busy for 47ms
⏱️ [hitch] main thread busy for 43ms
⏱️ [hitch] main thread busy for 44ms
⏱️ [hitch] main thread busy for 41ms
⏱️ [hitch] main thread busy for 49ms
⏱️ [hitch] main thread busy for 42ms
⏱️ [hitch] main thread busy for 42ms
⏱️ [hitch] main thread busy for 44ms
⏱️ [hitch] main thread busy for 46ms
⏱️ [hitch] main thread busy for 45ms
⏱️ [hitch] main thread busy for 50ms
⏱️ [hitch] main thread busy for 47ms
⏱️ [hitch] main thread busy for 44ms
⏱️ [hitch] main thread busy for 42ms
⏱️ [hitch] main thread busy for 41ms
⏱️ [hitch] main thread busy for 45ms
⏱️ [hitch] main thread busy for 40ms
⏱️ [hitch] main thread busy for 47ms
⏱️ [hitch] main thread busy for 43ms
⏱️ [hitch] main thread busy for 41ms
⏱️ [hitch] main thread busy for 46ms
⏱️ [hitch] main thread busy for 45ms
⏱️ [hitch] main thread busy for 42ms
⏱️ [hitch] main thread busy for 46ms
⏱️ [hitch] main thread busy for 44ms
⏱️ [hitch] main thread busy for 47ms
⏱️ [hitch] main thread busy for 41ms
⏱️ [hitch] main thread busy for 45ms
⏱️ [hitch] main thread busy for 47ms
⏱️ [hitch] main thread busy for 45ms
⏱️ [hitch] main thread busy for 40ms
⏱️ [hitch] main thread busy for 42ms
⏱️ [hitch] main thread busy for 46ms
⏱️ [hitch] main thread busy for 42ms
⏱️ [hitch] main thread busy for 43ms
⏱️ [hitch] main thread busy for 45ms
⏱️ [hitch] main thread busy for 41ms
⏱️ [hitch] main thread busy for 42ms
⏱️ [hitch] main thread busy for 44ms
⏱️ [hitch] main thread busy for 42ms
⏱️ [hitch] main thread busy for 41ms
⏱️ [hitch] main thread busy for 46ms
⏱️ [hitch] main thread busy for 43ms
⏱️ [hitch] main thread busy for 51ms
⏱️ [hitch] main thread busy for 41ms
⏱️ [hitch] main thread busy for 41ms
⏱️ [hitch] main thread busy for 43ms
⏱️ [hitch] main thread busy for 48ms
⏱️ [hitch] main thread busy for 40ms
⏱️ [hitch] main thread busy for 48ms
⏱️ [hitch] main thread busy for 43ms
⏱️ [hitch] main thread busy for 47ms
⏱️ [hitch] main thread busy for 41ms
⏱️ [hitch] main thread busy for 41ms
⏱️ [hitch] main thread busy for 42ms
⏱️ [hitch] main thread busy for 44ms
⏱️ [hitch] main thread busy for 44ms
⏱️ [hitch] main thread busy for 40ms
⏱️ [hitch] main thread busy for 41ms
⏱️ [hitch] main thread busy for 41ms
⏱️ [hitch] main thread busy for 45ms
⏱️ [hitch] main thread busy for 42ms
⏱️ [hitch] main thread busy for 40ms
⏱️ [hitch] main thread busy for 44ms
⏱️ [hitch] main thread busy for 42ms
⏱️ [hitch] main thread busy for 48ms
⏱️ [hitch] main thread busy for 42ms
⏱️ [hitch] main thread busy for 43ms
⏱️ [hitch] main thread busy for 41ms
⏱️ [hitch] main thread busy for 42ms
⏱️ [hitch] main thread busy for 45ms
⏱️ [hitch] main thread busy for 46ms
⏱️ [hitch] main thread busy for 43ms
⏱️ [hitch] main thread busy for 42ms
⏱️ [hitch] main thread busy for 45ms
⏱️ [hitch] main thread busy for 44ms
⏱️ [hitch] main thread busy for 46ms
⏱️ [hitch] main thread busy for 46ms
⏱️ [hitch] main thread busy for 44ms
⏱️ [hitch] main thread busy for 42ms
⏱️ [hitch] main thread busy for 42ms
⏱️ [hitch] main thread busy for 41ms
⏱️ [hitch] main thread busy for 42ms
⏱️ [hitch] main thread busy for 44ms
⏱️ [hitch] main thread busy for 42ms
⏱️ [hitch] main thread busy for 43ms
⏱️ [hitch] main thread busy for 43ms
⏱️ [hitch] main thread busy for 42ms
⏱️ [hitch] main thread busy for 45ms
⏱️ [hitch] main thread busy for 46ms
⏱️ [hitch] main thread busy for 41ms
⏱️ [hitch] main thread busy for 43ms
⏱️ [hitch] main thread busy for 49ms
⏱️ [hitch] main thread busy for 47ms
⏱️ [hitch] main thread busy for 43ms
⏱️ [hitch] main thread busy for 44ms
⏱️ [hitch] main thread busy for 45ms
⏱️ [hitch] main thread busy for 42ms
⏱️ [hitch] main thread busy for 45ms
⏱️ [hitch] main thread busy for 43ms
⏱️ [hitch] main thread busy for 43ms
⏱️ [hitch] main thread busy for 40ms
⏱️ [hitch] main thread busy for 43ms
⏱️ [hitch] main thread busy for 48ms
⏱️ [hitch] main thread busy for 46ms
⏱️ [hitch] main thread busy for 44ms
⏱️ [hitch] main thread busy for 43ms
⏱️ [hitch] main thread busy for 41ms
⏱️ [hitch] main thread busy for 43ms
⏱️ [hitch] main thread busy for 41ms
⏱️ [hitch] main thread busy for 41ms
⏱️ [hitch] main thread busy for 46ms
⏱️ [hitch] main thread busy for 45ms
⏱️ [hitch] main thread busy for 41ms
⏱️ [hitch] main thread busy for 43ms
⏱️ [hitch] main thread busy for 44ms
⏱️ [hitch] main thread busy for 49ms
⏱️ [hitch] main thread busy for 43ms
⏱️ [hitch] main thread busy for 46ms
⏱️ [hitch] main thread busy for 42ms
⏱️ [hitch] main thread busy for 45ms
⏱️ [hitch] main thread busy for 44ms
⏱️ [hitch] main thread busy for 48ms
⏱️ [hitch] main thread busy for 42ms
⏱️ [hitch] main thread busy for 41ms
⏱️ [hitch] main thread busy for 46ms
⏱️ [hitch] main thread busy for 50ms
⏱️ [hitch] main thread busy for 44ms
⏱️ [hitch] main thread busy for 46ms
⏱️ [hitch] main thread busy for 51ms
⏱️ [hitch] main thread busy for 44ms
⏱️ [hitch] main thread busy for 51ms
⏱️ [hitch] main thread busy for 41ms
⏱️ [hitch] main thread busy for 46ms
⏱️ [hitch] main thread busy for 45ms
⏱️ [hitch] main thread busy for 43ms
⏱️ [hitch] main thread busy for 40ms
⏱️ [hitch] main thread busy for 46ms
⏱️ [hitch] main thread busy for 41ms
⏱️ [hitch] main thread busy for 40ms
⏱️ [hitch] main thread busy for 47ms
⏱️ [hitch] main thread busy for 41ms
⏱️ [hitch] main thread busy for 41ms
⏱️ [hitch] main thread busy for 46ms
⏱️ [hitch] main thread busy for 48ms
⏱️ [hitch] main thread busy for 51ms
⏱️ [hitch] main thread busy for 40ms
⏱️ [hitch] main thread busy for 49ms
⏱️ [hitch] main thread busy for 44ms
⏱️ [hitch] main thread busy for 43ms
⏱️ [hitch] main thread busy for 41ms
⏱️ [hitch] main thread busy for 54ms
⏱️ [hitch] main thread busy for 41ms
⏱️ [hitch] main thread busy for 43ms
⏱️ [hitch] main thread busy for 40ms
⏱️ [hitch] main thread busy for 47ms
⏱️ [hitch] main thread busy for 44ms
⏱️ [hitch] main thread busy for 44ms
⏱️ [hitch] main thread busy for 50ms
⏱️ [hitch] main thread busy for 42ms
⏱️ [hitch] main thread busy for 45ms
⏱️ [hitch] main thread busy for 44ms
⏱️ [hitch] main thread busy for 46ms
⏱️ [hitch] main thread busy for 45ms
⏱️ [hitch] main thread busy for 44ms
⏱️ [hitch] main thread busy for 49ms
⏱️ [hitch] main thread busy for 46ms
⏱️ [hitch] main thread busy for 42ms
⏱️ [hitch] main thread busy for 43ms
⏱️ [hitch] main thread busy for 47ms
⏱️ [hitch] main thread busy for 43ms
⏱️ [hitch] main thread busy for 44ms
⏱️ [hitch] main thread busy for 41ms
⏱️ [hitch] main thread busy for 42ms
⏱️ [hitch] main thread busy for 44ms
⏱️ [hitch] main thread busy for 41ms
⏱️ [hitch] main thread busy for 44ms
⏱️ [hitch] main thread busy for 46ms
⏱️ [hitch] main thread busy for 46ms
⏱️ [hitch] main thread busy for 44ms
⏱️ [hitch] main thread busy for 42ms
⏱️ [hitch] main thread busy for 41ms
⏱️ [hitch] main thread busy for 44ms
⏱️ [hitch] main thread busy for 40ms
⏱️ [hitch] main thread busy for 45ms
⏱️ [hitch] main thread busy for 42ms
⏱️ [hitch] main thread busy for 41ms
⏱️ [hitch] main thread busy for 42ms
⏱️ [hitch] main thread busy for 43ms
⏱️ [hitch] main thread busy for 40ms
⏱️ [hitch] main thread busy for 44ms
⏱️ [hitch] main thread busy for 43ms
⏱️ [hitch] main thread busy for 42ms
⏱️ [hitch] main thread busy for 42ms
⏱️ [hitch] main thread busy for 51ms
⏱️ [hitch] main thread busy for 40ms
⏱️ [hitch] main thread busy for 41ms
⏱️ [hitch] main thread busy for 42ms
⏱️ [hitch] main thread busy for 41ms
⏱️ [hitch] main thread busy for 41ms
⏱️ [hitch] main thread busy for 41ms
⏱️ [hitch] main thread busy for 43ms
⏱️ [hitch] main thread busy for 45ms
⏱️ [hitch] main thread busy for 44ms
⏱️ [hitch] main thread busy for 44ms
⏱️ [hitch] main thread busy for 45ms
⏱️ [hitch] main thread busy for 44ms
⏱️ [hitch] main thread busy for 45ms
⏱️ [hitch] main thread busy for 41ms
⏱️ [hitch] main thread busy for 41ms
⏱️ [hitch] main thread busy for 42ms
⏱️ [hitch] main thread busy for 51ms
⏱️ [hitch] main thread busy for 42ms
⏱️ [hitch] main thread busy for 48ms
⏱️ [hitch] main thread busy for 45ms
⏱️ [hitch] main thread busy for 45ms
⏱️ [hitch] main thread busy for 46ms
⏱️ [hitch] main thread busy for 43ms
⏱️ [hitch] main thread busy for 42ms
⏱️ [hitch] main thread busy for 54ms
⏱️ [hitch] main thread busy for 40ms
⏱️ [hitch] main thread busy for 40ms
⏱️ [hitch] main thread busy for 42ms
⏱️ [hitch] main thread busy for 44ms
⏱️ [hitch] main thread busy for 42ms
⏱️ [hitch] main thread busy for 41ms
⏱️ [hitch] main thread busy for 44ms
⏱️ [hitch] main thread busy for 42ms
⏱️ [hitch] main thread busy for 41ms
⏱️ [hitch] main thread busy for 40ms
⏱️ [hitch] main thread busy for 41ms
⏱️ [hitch] main thread busy for 46ms
⏱️ [hitch] main thread busy for 40ms
⏱️ [hitch] main thread busy for 71ms
⏱️ [hitch] main thread busy for 44ms
⏱️ [hitch] main thread busy for 44ms
⏱️ [hitch] main thread busy for 40ms
⏱️ [hitch] main thread busy for 43ms
⏱️ [hitch] main thread busy for 69ms
⏱️ [hitch] main thread busy for 54ms
⏱️ [hitch] main thread busy for 50ms
⏱️ [hitch] main thread busy for 64ms
⏱️ [hitch] main thread busy for 55ms
⏱️ [hitch] main thread busy for 68ms
⏱️ [hitch] main thread busy for 66ms
⏱️ [hitch] main thread busy for 47ms
⏱️ [hitch] main thread busy for 67ms
⏱️ [hitch] main thread busy for 66ms
⏱️ [hitch] main thread busy for 63ms
⏱️ [hitch] main thread busy for 56ms
⏱️ [hitch] main thread busy for 68ms
⏱️ [hitch] main thread busy for 54ms
⏱️ [hitch] main thread busy for 66ms
⏱️ [hitch] main thread busy for 54ms
⏱️ [hitch] main thread busy for 70ms
⏱️ [hitch] main thread busy for 55ms
⏱️ [hitch] main thread busy for 55ms
⏱️ [hitch] main thread busy for 41ms
⏱️ [hitch] main thread busy for 55ms
⏱️ [hitch] main thread busy for 43ms
⏱️ [hitch] main thread busy for 69ms
⏱️ [hitch] main thread busy for 53ms
⏱️ [hitch] main thread busy for 40ms
⏱️ [hitch] main thread busy for 55ms
⏱️ [hitch] main thread busy for 60ms
⏱️ [hitch] main thread busy for 40ms
⏱️ [hitch] main thread busy for 49ms
⏱️ [hitch] main thread busy for 75ms
⏱️ [hitch] main thread busy for 44ms
⏱️ [hitch] main thread busy for 46ms
⏱️ [hitch] main thread busy for 61ms
⏱️ [hitch] main thread busy for 41ms
⏱️ [hitch] main thread busy for 45ms
⏱️ [hitch] main thread busy for 45ms
⏱️ [hitch] main thread busy for 61ms
⏱️ [hitch] main thread busy for 67ms
⏱️ [hitch] main thread busy for 64ms
⏱️ [hitch] main thread busy for 55ms
⏱️ [hitch] main thread busy for 55ms
⏱️ [hitch] main thread busy for 40ms
⏱️ [hitch] main thread busy for 42ms
⏱️ [hitch] main thread busy for 52ms
⏱️ [hitch] main thread busy for 64ms
⏱️ [hitch] main thread busy for 53ms
⏱️ [hitch] main thread busy for 67ms
⏱️ [hitch] main thread busy for 40ms
⏱️ [hitch] main thread busy for 64ms
⏱️ [hitch] main thread busy for 74ms
⏱️ [hitch] main thread busy for 55ms
⏱️ [hitch] main thread busy for 71ms
⏱️ [hitch] main thread busy for 66ms
⏱️ [hitch] main thread busy for 59ms
⏱️ [hitch] main thread busy for 60ms
⏱️ [hitch] main thread busy for 62ms
⏱️ [hitch] main thread busy for 71ms
⏱️ [hitch] main thread busy for 43ms
⏱️ [hitch] main thread busy for 69ms
⏱️ [hitch] main thread busy for 43ms
⏱️ [hitch] main thread busy for 70ms
⏱️ [hitch] main thread busy for 68ms
⏱️ [hitch] main thread busy for 42ms
⏱️ [hitch] main thread busy for 68ms
⏱️ [hitch] main thread busy for 74ms
⏱️ [hitch] main thread busy for 62ms
⏱️ [hitch] main thread busy for 41ms
⏱️ [hitch] main thread busy for 42ms
⏱️ [hitch] main thread busy for 54ms
⏱️ [hitch] main thread busy for 47ms
⏱️ [hitch] main thread busy for 60ms
⏱️ [hitch] main thread busy for 40ms
⏱️ [hitch] main thread busy for 70ms
⏱️ [hitch] main thread busy for 40ms
⏱️ [hitch] main thread busy for 58ms
⏱️ [hitch] main thread busy for 67ms
⏱️ [hitch] main thread busy for 43ms
⏱️ [hitch] main thread busy for 63ms
⏱️ [hitch] main thread busy for 57ms
⏱️ [hitch] main thread busy for 40ms
⏱️ [hitch] main thread busy for 59ms
⏱️ [hitch] main thread busy for 66ms
⏱️ [hitch] main thread busy for 62ms
⏱️ [hitch] main thread busy for 54ms
⏱️ [hitch] main thread busy for 45ms
⏱️ [hitch] main thread busy for 41ms
⏱️ [hitch] main thread busy for 63ms
⏱️ [hitch] main thread busy for 53ms
⏱️ [hitch] main thread busy for 41ms
⏱️ [hitch] main thread busy for 61ms
⏱️ [hitch] main thread busy for 44ms
⏱️ [hitch] main thread busy for 49ms
⏱️ [hitch] main thread busy for 41ms
⏱️ [hitch] main thread busy for 55ms
⏱️ [hitch] main thread busy for 41ms
⏱️ [hitch] main thread busy for 43ms
⏱️ [hitch] main thread busy for 64ms
⏱️ [hitch] main thread busy for 60ms
⏱️ [hitch] main thread busy for 59ms
⏱️ [hitch] main thread busy for 57ms
⏱️ [hitch] main thread busy for 47ms
⏱️ [hitch] main thread busy for 73ms
⏱️ [hitch] main thread busy for 65ms
⏱️ [hitch] main thread busy for 81ms
⏱️ [hitch] main thread busy for 71ms
⏱️ [hitch] main thread busy for 52ms
⏱️ [hitch] main thread busy for 64ms
⏱️ [hitch] main thread busy for 63ms
⏱️ [hitch] main thread busy for 59ms
⏱️ [hitch] main thread busy for 71ms
⏱️ [hitch] main thread busy for 71ms
⏱️ [hitch] main thread busy for 44ms
⏱️ [hitch] main thread busy for 49ms
⏱️ [hitch] main thread busy for 77ms
⏱️ [hitch] main thread busy for 68ms
⏱️ [hitch] main thread busy for 65ms
⏱️ [hitch] main thread busy for 71ms
⏱️ [hitch] main thread busy for 41ms
⏱️ [hitch] main thread busy for 48ms
⏱️ [hitch] main thread busy for 69ms
⏱️ [hitch] main thread busy for 53ms
⏱️ [hitch] main thread busy for 41ms
⏱️ [hitch] main thread busy for 42ms
⏱️ [hitch] main thread busy for 51ms
⏱️ [hitch] main thread busy for 62ms
⏱️ [hitch] main thread busy for 47ms
⏱️ [hitch] main thread busy for 48ms
⏱️ [hitch] main thread busy for 41ms
⏱️ [hitch] main thread busy for 50ms
⏱️ [hitch] main thread busy for 40ms
⏱️ [hitch] main thread busy for 68ms
⏱️ [hitch] main thread busy for 46ms
⏱️ [hitch] main thread busy for 42ms
⏱️ [hitch] main thread busy for 58ms
⏱️ [hitch] main thread busy for 53ms
⏱️ [hitch] main thread busy for 56ms
⏱️ [hitch] main thread busy for 51ms
⏱️ [hitch] main thread busy for 56ms
⏱️ [hitch] main thread busy for 69ms
⏱️ [hitch] main thread busy for 52ms
⏱️ [hitch] main thread busy for 71ms
⏱️ [hitch] main thread busy for 41ms
⏱️ [hitch] main thread busy for 67ms
⏱️ [hitch] main thread busy for 46ms
⏱️ [hitch] main thread busy for 57ms
⏱️ [hitch] main thread busy for 56ms
⏱️ [hitch] main thread busy for 56ms
⏱️ [hitch] main thread busy for 62ms
⏱️ [hitch] main thread busy for 61ms
⏱️ [hitch] main thread busy for 45ms
⏱️ [hitch] main thread busy for 64ms
⏱️ [hitch] main thread busy for 40ms
⏱️ [hitch] main thread busy for 62ms
⏱️ [hitch] main thread busy for 58ms
⏱️ [hitch] main thread busy for 63ms
⏱️ [hitch] main thread busy for 58ms
⏱️ [hitch] main thread busy for 52ms
⏱️ [hitch] main thread busy for 60ms
⏱️ [hitch] main thread busy for 51ms
⏱️ [hitch] main thread busy for 62ms
⏱️ [hitch] main thread busy for 64ms
⏱️ [hitch] main thread busy for 68ms
⏱️ [hitch] main thread busy for 57ms
⏱️ [hitch] main thread busy for 57ms
⏱️ [hitch] main thread busy for 67ms
⏱️ [hitch] main thread busy for 44ms
⏱️ [hitch] main thread busy for 66ms
⏱️ [hitch] main thread busy for 44ms
⏱️ [hitch] main thread busy for 66ms
⏱️ [hitch] main thread busy for 40ms
⏱️ [hitch] main thread busy for 66ms
⏱️ [hitch] main thread busy for 61ms
⏱️ [hitch] main thread busy for 52ms
⏱️ [hitch] main thread busy for 41ms
⏱️ [hitch] main thread busy for 66ms
⏱️ [hitch] main thread busy for 60ms
⏱️ [hitch] main thread busy for 65ms
⏱️ [hitch] main thread busy for 65ms
⏱️ [hitch] main thread busy for 54ms
⏱️ [hitch] main thread busy for 47ms
⏱️ [hitch] main thread busy for 54ms
⏱️ [hitch] main thread busy for 57ms
⏱️ [hitch] main thread busy for 63ms
⏱️ [hitch] main thread busy for 61ms
⏱️ [hitch] main thread busy for 42ms
⏱️ [hitch] main thread busy for 46ms
⏱️ [hitch] main thread busy for 53ms
⏱️ [hitch] main thread busy for 41ms
⏱️ [hitch] main thread busy for 67ms
⏱️ [hitch] main thread busy for 43ms
⏱️ [hitch] main thread busy for 51ms
⏱️ [hitch] main thread busy for 66ms
⏱️ [hitch] main thread busy for 54ms
⏱️ [hitch] main thread busy for 41ms
⏱️ [hitch] main thread busy for 69ms
⏱️ [hitch] main thread busy for 41ms
⏱️ [hitch] main thread busy for 64ms
⏱️ [hitch] main thread busy for 71ms
⏱️ [hitch] main thread busy for 59ms
⏱️ [hitch] main thread busy for 68ms
⏱️ [hitch] main thread busy for 49ms
⏱️ [hitch] main thread busy for 52ms
⏱️ [hitch] main thread busy for 41ms
⏱️ [hitch] main thread busy for 69ms
⏱️ [hitch] main thread busy for 71ms
⏱️ [hitch] main thread busy for 52ms
⏱️ [hitch] main thread busy for 52ms
⏱️ [hitch] main thread busy for 61ms
⏱️ [hitch] main thread busy for 55ms
⏱️ [hitch] main thread busy for 67ms
⏱️ [hitch] main thread busy for 42ms
⏱️ [hitch] main thread busy for 53ms
⏱️ [hitch] main thread busy for 71ms
⏱️ [hitch] main thread busy for 66ms
⏱️ [hitch] main thread busy for 41ms
⏱️ [hitch] main thread busy for 67ms
⏱️ [hitch] main thread busy for 49ms
⏱️ [hitch] main thread busy for 65ms
⏱️ [hitch] main thread busy for 67ms
⏱️ [hitch] main thread busy for 50ms
⏱️ [hitch] main thread busy for 46ms
⏱️ [hitch] main thread busy for 75ms
⏱️ [hitch] main thread busy for 53ms
⏱️ [hitch] main thread busy for 40ms
⏱️ [hitch] main thread busy for 48ms
⏱️ [hitch] main thread busy for 62ms
⏱️ [hitch] main thread busy for 46ms
⏱️ [hitch] main thread busy for 65ms
⏱️ [hitch] main thread busy for 62ms
⏱️ [hitch] main thread busy for 72ms
⏱️ [hitch] main thread busy for 56ms
⏱️ [hitch] main thread busy for 63ms
⏱️ [hitch] main thread busy for 62ms
⏱️ [hitch] main thread busy for 57ms
⏱️ [hitch] main thread busy for 57ms
⏱️ [hitch] main thread busy for 41ms
⏱️ [hitch] main thread busy for 40ms
⏱️ [hitch] main thread busy for 67ms
⏱️ [hitch] main thread busy for 68ms
⏱️ [hitch] main thread busy for 68ms
⏱️ [hitch] main thread busy for 41ms
⏱️ [hitch] main thread busy for 59ms
⏱️ [hitch] main thread busy for 57ms
⏱️ [hitch] main thread busy for 76ms
⏱️ [hitch] main thread busy for 49ms
⏱️ [hitch] main thread busy for 42ms
⏱️ [hitch] main thread busy for 72ms
⏱️ [hitch] main thread busy for 41ms
⏱️ [hitch] main thread busy for 55ms
⏱️ [hitch] main thread busy for 61ms
⏱️ [hitch] main thread busy for 64ms
⏱️ [hitch] main thread busy for 42ms
⏱️ [hitch] main thread busy for 41ms
⏱️ [hitch] main thread busy for 54ms
⏱️ [hitch] main thread busy for 64ms
⏱️ [hitch] main thread busy for 59ms
⏱️ [hitch] main thread busy for 43ms
⏱️ [hitch] main thread busy for 51ms
⏱️ [hitch] main thread busy for 66ms
⏱️ [hitch] main thread busy for 47ms
⏱️ [hitch] main thread busy for 43ms
⏱️ [hitch] main thread busy for 65ms
⏱️ [hitch] main thread busy for 41ms
⏱️ [hitch] main thread busy for 41ms
⏱️ [hitch] main thread busy for 65ms
⏱️ [hitch] main thread busy for 41ms
⏱️ [hitch] main thread busy for 69ms
⏱️ [hitch] main thread busy for 45ms
⏱️ [hitch] main thread busy for 66ms
⏱️ [hitch] main thread busy for 64ms
⏱️ [hitch] main thread busy for 46ms
⏱️ [hitch] main thread busy for 41ms
⏱️ [hitch] main thread busy for 51ms
⏱️ [hitch] main thread busy for 49ms
⏱️ [hitch] main thread busy for 61ms
⏱️ [hitch] main thread busy for 56ms
⏱️ [hitch] main thread busy for 68ms
⏱️ [hitch] main thread busy for 56ms
⏱️ [hitch] main thread busy for 44ms
⏱️ [hitch] main thread busy for 63ms
⏱️ [hitch] main thread busy for 62ms
⏱️ [hitch] main thread busy for 41ms
⏱️ [hitch] main thread busy for 52ms
⏱️ [hitch] main thread busy for 52ms
⏱️ [hitch] main thread busy for 69ms
⏱️ [hitch] main thread busy for 48ms
⏱️ [hitch] main thread busy for 57ms
⏱️ [hitch] main thread busy for 69ms
⏱️ [hitch] main thread busy for 57ms
⏱️ [hitch] main thread busy for 53ms
⏱️ [hitch] main thread busy for 65ms
⏱️ [hitch] main thread busy for 59ms
⏱️ [hitch] main thread busy for 40ms
⏱️ [hitch] main thread busy for 62ms
⏱️ [hitch] main thread busy for 63ms
⏱️ [hitch] main thread busy for 64ms
⏱️ [hitch] main thread busy for 64ms
⏱️ [hitch] main thread busy for 56ms
⏱️ [hitch] main thread busy for 73ms
⏱️ [hitch] main thread busy for 64ms
⏱️ [hitch] main thread busy for 55ms
⏱️ [hitch] main thread busy for 56ms
⏱️ [hitch] main thread busy for 63ms
⏱️ [hitch] main thread busy for 53ms
⏱️ [hitch] main thread busy for 51ms
⏱️ [hitch] main thread busy for 46ms
⏱️ [hitch] main thread busy for 41ms
⏱️ [hitch] main thread busy for 68ms
⏱️ [hitch] main thread busy for 65ms
⏱️ [hitch] main thread busy for 59ms
⏱️ [hitch] main thread busy for 66ms
⏱️ [hitch] main thread busy for 43ms
⏱️ [hitch] main thread busy for 48ms
⏱️ [hitch] main thread busy for 62ms
⏱️ [hitch] main thread busy for 41ms
⏱️ [hitch] main thread busy for 61ms
⏱️ [hitch] main thread busy for 71ms
⏱️ [hitch] main thread busy for 68ms
⏱️ [hitch] main thread busy for 42ms
⏱️ [hitch] main thread busy for 68ms
⏱️ [hitch] main thread busy for 69ms
⏱️ [hitch] main thread busy for 51ms
⏱️ [hitch] main thread busy for 63ms
⏱️ [hitch] main thread busy for 65ms
⏱️ [hitch] main thread busy for 56ms
⏱️ [hitch] main thread busy for 66ms
⏱️ [hitch] main thread busy for 64ms
⏱️ [hitch] main thread busy for 48ms
⏱️ [hitch] main thread busy for 43ms
⏱️ [hitch] main thread busy for 57ms
⏱️ [hitch] main thread busy for 64ms
⏱️ [hitch] main thread busy for 65ms
⏱️ [hitch] main thread busy for 66ms
⏱️ [hitch] main thread busy for 70ms
⏱️ [hitch] main thread busy for 42ms
⏱️ [hitch] main thread busy for 65ms
⏱️ [hitch] main thread busy for 56ms
⏱️ [hitch] main thread busy for 59ms
⏱️ [hitch] main thread busy for 64ms
⏱️ [hitch] main thread busy for 43ms
⏱️ [hitch] main thread busy for 43ms
⏱️ [hitch] main thread busy for 61ms
⏱️ [hitch] main thread busy for 69ms
⏱️ [hitch] main thread busy for 49ms
⏱️ [hitch] main thread busy for 71ms
⏱️ [hitch] main thread busy for 41ms
⏱️ [hitch] main thread busy for 43ms
⏱️ [hitch] main thread busy for 40ms
⏱️ [hitch] main thread busy for 56ms
⏱️ [hitch] main thread busy for 59ms
⏱️ [hitch] main thread busy for 63ms
⏱️ [hitch] main thread busy for 44ms
⏱️ [hitch] main thread busy for 47ms
⏱️ [hitch] main thread busy for 61ms
⏱️ [hitch] main thread busy for 61ms
⏱️ [hitch] main thread busy for 41ms
⏱️ [hitch] main thread busy for 54ms
⏱️ [hitch] main thread busy for 46ms
⏱️ [hitch] main thread busy for 66ms
⏱️ [hitch] main thread busy for 60ms
⏱️ [hitch] main thread busy for 58ms
⏱️ [hitch] main thread busy for 66ms
⏱️ [hitch] main thread busy for 48ms
⏱️ [hitch] main thread busy for 40ms
⏱️ [hitch] main thread busy for 52ms
⏱️ [hitch] main thread busy for 42ms
⏱️ [hitch] main thread busy for 56ms
⏱️ [hitch] main thread busy for 47ms
⏱️ [hitch] main thread busy for 50ms
⏱️ [hitch] main thread busy for 48ms
⏱️ [hitch] main thread busy for 44ms
⏱️ [hitch] main thread busy for 64ms
⏱️ [hitch] main thread busy for 57ms
⏱️ [hitch] main thread busy for 43ms
⏱️ [hitch] main thread busy for 66ms
⏱️ [hitch] main thread busy for 63ms
⏱️ [hitch] main thread busy for 64ms
⏱️ [hitch] main thread busy for 41ms
⏱️ [hitch] main thread busy for 53ms
⏱️ [hitch] main thread busy for 41ms
⏱️ [hitch] main thread busy for 41ms
⏱️ [hitch] main thread busy for 71ms
⏱️ [hitch] main thread busy for 59ms
⏱️ [hitch] main thread busy for 43ms
⏱️ [hitch] main thread busy for 44ms
⏱️ [hitch] main thread busy for 49ms
⏱️ [hitch] main thread busy for 52ms
⏱️ [hitch] main thread busy for 57ms
⏱️ [hitch] main thread busy for 66ms
⏱️ [hitch] main thread busy for 40ms
⏱️ [hitch] main thread busy for 56ms
⏱️ [hitch] main thread busy for 50ms
⏱️ [hitch] main thread busy for 66ms
⏱️ [hitch] main thread busy for 68ms
⏱️ [hitch] main thread busy for 53ms
⏱️ [hitch] main thread busy for 41ms
⏱️ [hitch] main thread busy for 50ms
⏱️ [hitch] main thread busy for 66ms
⏱️ [hitch] main thread busy for 57ms
⏱️ [hitch] main thread busy for 66ms
⏱️ [hitch] main thread busy for 53ms
⏱️ [hitch] main thread busy for 60ms
⏱️ [hitch] main thread busy for 43ms
⏱️ [hitch] main thread busy for 53ms
⏱️ [hitch] main thread busy for 43ms
⏱️ [hitch] main thread busy for 66ms
⏱️ [hitch] main thread busy for 65ms
⏱️ [hitch] main thread busy for 62ms
⏱️ [hitch] main thread busy for 51ms
⏱️ [hitch] main thread busy for 52ms
⏱️ [hitch] main thread busy for 45ms
⏱️ [hitch] main thread busy for 53ms
⏱️ [hitch] main thread busy for 63ms
⏱️ [hitch] main thread busy for 58ms
⏱️ [hitch] main thread busy for 55ms
⏱️ [hitch] main thread busy for 45ms
⏱️ [hitch] main thread busy for 42ms
⏱️ [hitch] main thread busy for 71ms
⏱️ [hitch] main thread busy for 62ms
⏱️ [hitch] main thread busy for 65ms
⏱️ [hitch] main thread busy for 53ms
⏱️ [hitch] main thread busy for 56ms
⏱️ [hitch] main thread busy for 41ms
⏱️ [hitch] main thread busy for 68ms
⏱️ [hitch] main thread busy for 52ms
⏱️ [hitch] main thread busy for 50ms
⏱️ [hitch] main thread busy for 53ms
⏱️ [hitch] main thread busy for 50ms
⏱️ [hitch] main thread busy for 42ms
⏱️ [hitch] main thread busy for 64ms
⏱️ [hitch] main thread busy for 41ms
⏱️ [hitch] main thread busy for 63ms
⏱️ [hitch] main thread busy for 71ms
⏱️ [hitch] main thread busy for 47ms
⏱️ [hitch] main thread busy for 47ms
⏱️ [hitch] main thread busy for 45ms
⏱️ [hitch] main thread busy for 60ms
⏱️ [hitch] main thread busy for 64ms
⏱️ [hitch] main thread busy for 64ms
⏱️ [hitch] main thread busy for 46ms
⏱️ [hitch] main thread busy for 54ms
⏱️ [hitch] main thread busy for 58ms
⏱️ [hitch] main thread busy for 64ms
⏱️ [hitch] main thread busy for 64ms
⏱️ [hitch] main thread busy for 41ms
⏱️ [hitch] main thread busy for 57ms
⏱️ [hitch] main thread busy for 40ms
⏱️ [hitch] main thread busy for 58ms
⏱️ [hitch] main thread busy for 43ms
⏱️ [hitch] main thread busy for 41ms
⏱️ [hitch] main thread busy for 48ms
⏱️ [hitch] main thread busy for 40ms
⏱️ [hitch] main thread busy for 62ms
⏱️ [hitch] main thread busy for 62ms
⏱️ [hitch] main thread busy for 62ms
⏱️ [hitch] main thread busy for 57ms
⏱️ [hitch] main thread busy for 49ms
⏱️ [hitch] main thread busy for 59ms
⏱️ [hitch] main thread busy for 61ms
⏱️ [hitch] main thread busy for 41ms
⏱️ [hitch] main thread busy for 41ms
⏱️ [hitch] main thread busy for 43ms
⏱️ [hitch] main thread busy for 57ms
⏱️ [hitch] main thread busy for 55ms
⏱️ [hitch] main thread busy for 60ms
⏱️ [hitch] main thread busy for 56ms
⏱️ [hitch] main thread busy for 44ms
⏱️ [hitch] main thread busy for 62ms
⏱️ [hitch] main thread busy for 42ms
⏱️ [hitch] main thread busy for 43ms
⏱️ [hitch] main thread busy for 40ms
⏱️ [hitch] main thread busy for 48ms
⏱️ [hitch] main thread busy for 45ms
⏱️ [hitch] main thread busy for 54ms
⏱️ [hitch] main thread busy for 59ms
⏱️ [hitch] main thread busy for 54ms
⏱️ [hitch] main thread busy for 40ms
⏱️ [hitch] main thread busy for 61ms
⏱️ [hitch] main thread busy for 43ms
⏱️ [hitch] main thread busy for 58ms
⏱️ [hitch] main thread busy for 62ms
⏱️ [hitch] main thread busy for 67ms
⏱️ [hitch] main thread busy for 47ms
⏱️ [hitch] main thread busy for 67ms
⏱️ [hitch] main thread busy for 62ms
⏱️ [hitch] main thread busy for 44ms
⏱️ [hitch] main thread busy for 44ms
⏱️ [hitch] main thread busy for 41ms
⏱️ [hitch] main thread busy for 61ms
⏱️ [hitch] main thread busy for 44ms
⏱️ [hitch] main thread busy for 53ms
⏱️ [hitch] main thread busy for 62ms
⏱️ [hitch] main thread busy for 65ms
⏱️ [hitch] main thread busy for 44ms
⏱️ [hitch] main thread busy for 43ms
⏱️ [hitch] main thread busy for 41ms
⏱️ [hitch] main thread busy for 50ms
⏱️ [hitch] main thread busy for 58ms
⏱️ [hitch] main thread busy for 40ms
⏱️ [hitch] main thread busy for 49ms
⏱️ [hitch] main thread busy for 65ms
⏱️ [hitch] main thread busy for 68ms
⏱️ [hitch] main thread busy for 41ms
⏱️ [hitch] main thread busy for 63ms
⏱️ [hitch] main thread busy for 47ms
⏱️ [hitch] main thread busy for 46ms
⏱️ [hitch] main thread busy for 46ms
⏱️ [hitch] main thread busy for 48ms
⏱️ [hitch] main thread busy for 50ms
⏱️ [hitch] main thread busy for 41ms
⏱️ [hitch] main thread busy for 43ms
⏱️ [hitch] main thread busy for 59ms
⏱️ [hitch] main thread busy for 52ms
⏱️ [hitch] main thread busy for 40ms
⏱️ [hitch] main thread busy for 48ms
⏱️ [hitch] main thread busy for 44ms
⏱️ [hitch] main thread busy for 51ms
⏱️ [hitch] main thread busy for 66ms
⏱️ [hitch] main thread busy for 64ms
⏱️ [hitch] main thread busy for 52ms
⏱️ [hitch] main thread busy for 58ms
⏱️ [hitch] main thread busy for 62ms
⏱️ [hitch] main thread busy for 56ms
⏱️ [hitch] main thread busy for 40ms
⏱️ [hitch] main thread busy for 48ms
⏱️ [hitch] main thread busy for 54ms
⏱️ [hitch] main thread busy for 64ms
⏱️ [hitch] main thread busy for 64ms
⏱️ [hitch] main thread busy for 65ms
⏱️ [hitch] main thread busy for 45ms
⏱️ [hitch] main thread busy for 49ms
⏱️ [hitch] main thread busy for 70ms
⏱️ [hitch] main thread busy for 66ms
⏱️ [hitch] main thread busy for 53ms
⏱️ [hitch] main thread busy for 69ms
⏱️ [hitch] main thread busy for 42ms
⏱️ [hitch] main thread busy for 44ms
⏱️ [hitch] main thread busy for 47ms
⏱️ [hitch] main thread busy for 59ms
⏱️ [hitch] main thread busy for 45ms
⏱️ [hitch] main thread busy for 62ms
⏱️ [hitch] main thread busy for 49ms
⏱️ [hitch] main thread busy for 71ms
⏱️ [hitch] main thread busy for 63ms
⏱️ [hitch] main thread busy for 64ms
⏱️ [hitch] main thread busy for 47ms
⏱️ [hitch] main thread busy for 43ms
⏱️ [hitch] main thread busy for 51ms
⏱️ [hitch] main thread busy for 41ms
⏱️ [hitch] main thread busy for 54ms
⏱️ [hitch] main thread busy for 67ms
⏱️ [hitch] main thread busy for 40ms
⏱️ [hitch] main thread busy for 41ms
⏱️ [hitch] main thread busy for 46ms
⏱️ [hitch] main thread busy for 72ms
⏱️ [hitch] main thread busy for 42ms
⏱️ [hitch] main thread busy for 49ms
⏱️ [hitch] main thread busy for 58ms
⏱️ [hitch] main thread busy for 47ms
⏱️ [hitch] main thread busy for 60ms
⏱️ [hitch] main thread busy for 67ms
⏱️ [hitch] main thread busy for 51ms
⏱️ [hitch] main thread busy for 72ms
⏱️ [hitch] main thread busy for 43ms
⏱️ [hitch] main thread busy for 64ms
⏱️ [hitch] main thread busy for 52ms
⏱️ [hitch] main thread busy for 67ms
⏱️ [hitch] main thread busy for 61ms
⏱️ [hitch] main thread busy for 40ms
⏱️ [hitch] main thread busy for 64ms
⏱️ [hitch] main thread busy for 40ms
⏱️ [hitch] main thread busy for 65ms
⏱️ [hitch] main thread busy for 47ms
⏱️ [hitch] main thread busy for 41ms
⏱️ [hitch] main thread busy for 65ms
⏱️ [hitch] main thread busy for 54ms
⏱️ [hitch] main thread busy for 68ms
⏱️ [hitch] main thread busy for 61ms
⏱️ [hitch] main thread busy for 53ms
⏱️ [hitch] main thread busy for 62ms
⏱️ [hitch] main thread busy for 57ms
⏱️ [hitch] main thread busy for 50ms
⏱️ [hitch] main thread busy for 41ms
⏱️ [hitch] main thread busy for 68ms
⏱️ [hitch] main thread busy for 61ms
⏱️ [hitch] main thread busy for 50ms
⏱️ [hitch] main thread busy for 52ms
⏱️ [hitch] main thread busy for 66ms
⏱️ [hitch] main thread busy for 43ms
⏱️ [hitch] main thread busy for 66ms
⏱️ [hitch] main thread busy for 47ms
⏱️ [hitch] main thread busy for 50ms
⏱️ [hitch] main thread busy for 43ms
⏱️ [hitch] main thread busy for 55ms
⏱️ [hitch] main thread busy for 60ms
⏱️ [hitch] main thread busy for 51ms
⏱️ [hitch] main thread busy for 64ms
⏱️ [hitch] main thread busy for 45ms
⏱️ [hitch] main thread busy for 62ms
⏱️ [hitch] main thread busy for 41ms
⏱️ [hitch] main thread busy for 57ms
⏱️ [hitch] main thread busy for 41ms
⏱️ [hitch] main thread busy for 61ms
⏱️ [hitch] main thread busy for 64ms
⏱️ [hitch] main thread busy for 70ms
⏱️ [hitch] main thread busy for 42ms
⏱️ [hitch] main thread busy for 71ms
⏱️ [hitch] main thread busy for 80ms
⏱️ [hitch] main thread busy for 54ms
⏱️ [hitch] main thread busy for 40ms
⏱️ [hitch] main thread busy for 51ms
⏱️ [hitch] main thread busy for 65ms
⏱️ [hitch] main thread busy for 63ms
⏱️ [hitch] main thread busy for 44ms
⏱️ [hitch] main thread busy for 40ms
⏱️ [hitch] main thread busy for 63ms
⏱️ [hitch] main thread busy for 65ms
⏱️ [hitch] main thread busy for 67ms
⏱️ [hitch] main thread busy for 42ms
⏱️ [hitch] main thread busy for 42ms
⏱️ [hitch] main thread busy for 58ms
⏱️ [hitch] main thread busy for 55ms
⏱️ [hitch] main thread busy for 63ms
⏱️ [hitch] main thread busy for 59ms
⏱️ [hitch] main thread busy for 51ms
⏱️ [hitch] main thread busy for 68ms
⏱️ [hitch] main thread busy for 47ms
⏱️ [hitch] main thread busy for 42ms
⏱️ [hitch] main thread busy for 51ms
⏱️ [hitch] main thread busy for 68ms
⏱️ [hitch] main thread busy for 55ms
⏱️ [hitch] main thread busy for 63ms
⏱️ [hitch] main thread busy for 44ms
⏱️ [hitch] main thread busy for 76ms
⏱️ [hitch] main thread busy for 48ms
⏱️ [hitch] main thread busy for 70ms
⏱️ [hitch] main thread busy for 46ms
⏱️ [hitch] main thread busy for 43ms
⏱️ [hitch] main thread busy for 69ms
⏱️ [hitch] main thread busy for 66ms
⏱️ [hitch] main thread busy for 56ms
⏱️ [hitch] main thread busy for 61ms
⏱️ [hitch] main thread busy for 44ms
⏱️ [hitch] main thread busy for 56ms
⏱️ [hitch] main thread busy for 42ms
⏱️ [hitch] main thread busy for 40ms
⏱️ [hitch] main thread busy for 43ms
⏱️ [hitch] main thread busy for 64ms
⏱️ [hitch] main thread busy for 47ms
⏱️ [hitch] main thread busy for 65ms
⏱️ [hitch] main thread busy for 71ms
⏱️ [hitch] main thread busy for 68ms
⏱️ [hitch] main thread busy for 68ms
⏱️ [hitch] main thread busy for 41ms
⏱️ [hitch] main thread busy for 58ms
⏱️ [hitch] main thread busy for 48ms
⏱️ [hitch] main thread busy for 43ms
⏱️ [hitch] main thread busy for 49ms
⏱️ [hitch] main thread busy for 43ms
⏱️ [hitch] main thread busy for 66ms
⏱️ [hitch] main thread busy for 48ms
⏱️ [hitch] main thread busy for 54ms
⏱️ [hitch] main thread busy for 51ms
⏱️ [hitch] main thread busy for 77ms
⏱️ [hitch] main thread busy for 44ms
⏱️ [hitch] main thread busy for 72ms
⏱️ [hitch] main thread busy for 47ms
⏱️ [hitch] main thread busy for 42ms
⏱️ [hitch] main thread busy for 68ms
⏱️ [hitch] main thread busy for 70ms
⏱️ [hitch] main thread busy for 52ms
⏱️ [hitch] main thread busy for 66ms
⏱️ [hitch] main thread busy for 44ms
⏱️ [hitch] main thread busy for 52ms
⏱️ [hitch] main thread busy for 68ms
⏱️ [hitch] main thread busy for 46ms
⏱️ [hitch] main thread busy for 70ms
⏱️ [hitch] main thread busy for 46ms
⏱️ [hitch] main thread busy for 54ms
⏱️ [hitch] main thread busy for 40ms
⏱️ [hitch] main thread busy for 50ms
⏱️ [hitch] main thread busy for 46ms
⏱️ [hitch] main thread busy for 58ms
⏱️ [hitch] main thread busy for 56ms
⏱️ [hitch] main thread busy for 64ms
⏱️ [hitch] main thread busy for 55ms
⏱️ [hitch] main thread busy for 56ms
⏱️ [hitch] main thread busy for 51ms
⏱️ [hitch] main thread busy for 41ms
⏱️ [hitch] main thread busy for 46ms
⏱️ [hitch] main thread busy for 56ms
⏱️ [hitch] main thread busy for 41ms
⏱️ [hitch] main thread busy for 43ms
⏱️ [hitch] main thread busy for 75ms
⏱️ [hitch] main thread busy for 52ms
⏱️ [hitch] main thread busy for 44ms
⏱️ [hitch] main thread busy for 45ms
⏱️ [hitch] main thread busy for 69ms
⏱️ [hitch] main thread busy for 56ms
⏱️ [hitch] main thread busy for 61ms
⏱️ [hitch] main thread busy for 46ms
⏱️ [hitch] main thread busy for 58ms
⏱️ [hitch] main thread busy for 69ms
⏱️ [hitch] main thread busy for 53ms
⏱️ [hitch] main thread busy for 62ms
⏱️ [hitch] main thread busy for 42ms
⏱️ [hitch] main thread busy for 65ms
⏱️ [hitch] main thread busy for 70ms
⏱️ [hitch] main thread busy for 42ms
⏱️ [hitch] main thread busy for 66ms
⏱️ [hitch] main thread busy for 43ms
⏱️ [hitch] main thread busy for 62ms
⏱️ [hitch] main thread busy for 61ms
⏱️ [hitch] main thread busy for 56ms
⏱️ [hitch] main thread busy for 66ms
⏱️ [hitch] main thread busy for 62ms
⏱️ [hitch] main thread busy for 61ms
⏱️ [hitch] main thread busy for 42ms
⏱️ [hitch] main thread busy for 49ms
⏱️ [hitch] main thread busy for 46ms
⏱️ [hitch] main thread busy for 50ms
⏱️ [hitch] main thread busy for 55ms
⏱️ [hitch] main thread busy for 48ms
⏱️ [hitch] main thread busy for 55ms
⏱️ [hitch] main thread busy for 62ms
⏱️ [hitch] main thread busy for 51ms
⏱️ [hitch] main thread busy for 72ms
⏱️ [hitch] main thread busy for 54ms
⏱️ [hitch] main thread busy for 51ms
⏱️ [hitch] main thread busy for 59ms
⏱️ [hitch] main thread busy for 62ms
⏱️ [hitch] main thread busy for 41ms
⏱️ [hitch] main thread busy for 60ms
⏱️ [hitch] main thread busy for 68ms
⏱️ [hitch] main thread busy for 76ms
⏱️ [hitch] main thread busy for 41ms
⏱️ [hitch] main thread busy for 65ms
⏱️ [hitch] main thread busy for 55ms
⏱️ [hitch] main thread busy for 60ms
⏱️ [hitch] main thread busy for 61ms
⏱️ [hitch] main thread busy for 45ms
⏱️ [hitch] main thread busy for 64ms
⏱️ [hitch] main thread busy for 41ms
⏱️ [hitch] main thread busy for 47ms
⏱️ [hitch] main thread busy for 53ms
⏱️ [hitch] main thread busy for 70ms
⏱️ [hitch] main thread busy for 54ms
⏱️ [hitch] main thread busy for 42ms
⏱️ [hitch] main thread busy for 59ms
⏱️ [hitch] main thread busy for 43ms
⏱️ [hitch] main thread busy for 41ms
⏱️ [hitch] main thread busy for 42ms
⏱️ [hitch] main thread busy for 56ms
⏱️ [hitch] main thread busy for 45ms
⏱️ [hitch] main thread busy for 57ms
⏱️ [hitch] main thread busy for 70ms
⏱️ [hitch] main thread busy for 68ms
⏱️ [hitch] main thread busy for 49ms
⏱️ [hitch] main thread busy for 64ms
⏱️ [hitch] main thread busy for 64ms
⏱️ [hitch] main thread busy for 53ms
⏱️ [hitch] main thread busy for 42ms
⏱️ [hitch] main thread busy for 60ms
⏱️ [hitch] main thread busy for 42ms
⏱️ [hitch] main thread busy for 61ms
⏱️ [hitch] main thread busy for 67ms
⏱️ [hitch] main thread busy for 56ms
⏱️ [hitch] main thread busy for 42ms
⏱️ [hitch] main thread busy for 61ms
⏱️ [hitch] main thread busy for 45ms
⏱️ [hitch] main thread busy for 58ms
⏱️ [hitch] main thread busy for 53ms
⏱️ [hitch] main thread busy for 47ms
⏱️ [hitch] main thread busy for 40ms
⏱️ [hitch] main thread busy for 69ms
⏱️ [hitch] main thread busy for 55ms
⏱️ [hitch] main thread busy for 42ms
⏱️ [hitch] main thread busy for 65ms
⏱️ [hitch] main thread busy for 65ms
⏱️ [hitch] main thread busy for 54ms
⏱️ [hitch] main thread busy for 49ms
⏱️ [hitch] main thread busy for 66ms
⏱️ [hitch] main thread busy for 44ms
⏱️ [hitch] main thread busy for 40ms
⏱️ [hitch] main thread busy for 54ms
⏱️ [hitch] main thread busy for 52ms
⏱️ [hitch] main thread busy for 69ms
⏱️ [hitch] main thread busy for 57ms
⏱️ [hitch] main thread busy for 43ms
⏱️ [hitch] main thread busy for 42ms
⏱️ [hitch] main thread busy for 51ms
⏱️ [hitch] main thread busy for 59ms
⏱️ [hitch] main thread busy for 66ms
⏱️ [hitch] main thread busy for 51ms
⏱️ [hitch] main thread busy for 64ms
⏱️ [hitch] main thread busy for 42ms
⏱️ [hitch] main thread busy for 63ms
⏱️ [hitch] main thread busy for 46ms
⏱️ [hitch] main thread busy for 61ms
⏱️ [hitch] main thread busy for 70ms
⏱️ [hitch] main thread busy for 42ms
⏱️ [hitch] main thread busy for 70ms
⏱️ [hitch] main thread busy for 66ms
⏱️ [hitch] main thread busy for 53ms
⏱️ [hitch] main thread busy for 55ms
⏱️ [hitch] main thread busy for 57ms
⏱️ [hitch] main thread busy for 49ms
⏱️ [hitch] main thread busy for 62ms
⏱️ [hitch] main thread busy for 41ms
⏱️ [hitch] main thread busy for 63ms
⏱️ [hitch] main thread busy for 64ms
⏱️ [hitch] main thread busy for 42ms
⏱️ [hitch] main thread busy for 56ms
⏱️ [hitch] main thread busy for 59ms
⏱️ [hitch] main thread busy for 67ms
⏱️ [hitch] main thread busy for 69ms
⏱️ [hitch] main thread busy for 47ms
⏱️ [hitch] main thread busy for 41ms
⏱️ [hitch] main thread busy for 73ms
⏱️ [hitch] main thread busy for 40ms
⏱️ [hitch] main thread busy for 66ms
⏱️ [hitch] main thread busy for 62ms
⏱️ [hitch] main thread busy for 68ms
⏱️ [hitch] main thread busy for 57ms
⏱️ [hitch] main thread busy for 46ms
⏱️ [hitch] main thread busy for 63ms
⏱️ [hitch] main thread busy for 41ms
⏱️ [hitch] main thread busy for 69ms
⏱️ [hitch] main thread busy for 66ms
⏱️ [hitch] main thread busy for 53ms
⏱️ [hitch] main thread busy for 68ms
⏱️ [hitch] main thread busy for 40ms
⏱️ [hitch] main thread busy for 72ms
⏱️ [hitch] main thread busy for 57ms
⏱️ [hitch] main thread busy for 49ms
⏱️ [hitch] main thread busy for 62ms
⏱️ [hitch] main thread busy for 41ms
⏱️ [hitch] main thread busy for 68ms
⏱️ [hitch] main thread busy for 44ms
⏱️ [hitch] main thread busy for 61ms
⏱️ [hitch] main thread busy for 67ms
⏱️ [hitch] main thread busy for 67ms
⏱️ [hitch] main thread busy for 41ms
⏱️ [hitch] main thread busy for 53ms
⏱️ [hitch] main thread busy for 44ms
⏱️ [hitch] main thread busy for 73ms
⏱️ [hitch] main thread busy for 47ms
⏱️ [hitch] main thread busy for 51ms
⏱️ [hitch] main thread busy for 51ms
⏱️ [hitch] main thread busy for 60ms
⏱️ [hitch] main thread busy for 45ms
⏱️ [hitch] main thread busy for 44ms
⏱️ [hitch] main thread busy for 42ms
⏱️ [hitch] main thread busy for 68ms
⏱️ [hitch] main thread busy for 57ms
⏱️ [hitch] main thread busy for 41ms
⏱️ [hitch] main thread busy for 54ms
⏱️ [hitch] main thread busy for 45ms
⏱️ [hitch] main thread busy for 41ms
⏱️ [hitch] main thread busy for 40ms
⏱️ [hitch] main thread busy for 41ms
⏱️ [hitch] main thread busy for 41ms
⏱️ [hitch] main thread busy for 41ms
⏱️ [hitch] main thread busy for 40ms
⏱️ [hitch] main thread busy for 40ms
⏱️ [hitch] main thread busy for 40ms
⏱️ [hitch] main thread busy for 42ms
⏱️ [hitch] main thread busy for 42ms
⏱️ [hitch] main thread busy for 45ms
⏱️ [hitch] main thread busy for 42ms
⏱️ [hitch] main thread busy for 41ms
⏱️ [hitch] main thread busy for 44ms
⏱️ [hitch] main thread busy for 44ms
⏱️ [hitch] main thread busy for 63ms
⏱️ [hitch] main thread busy for 44ms
⏱️ [hitch] main thread busy for 67ms
⏱️ [hitch] main thread busy for 56ms
⏱️ [hitch] main thread busy for 63ms
⏱️ [hitch] main thread busy for 40ms
⏱️ [hitch] main thread busy for 66ms
⏱️ [hitch] main thread busy for 63ms
⏱️ [hitch] main thread busy for 43ms
⏱️ [hitch] main thread busy for 71ms
⏱️ [hitch] main thread busy for 71ms
⏱️ [hitch] main thread busy for 63ms
⏱️ [hitch] main thread busy for 52ms
⏱️ [hitch] main thread busy for 51ms
⏱️ [hitch] main thread busy for 44ms
⏱️ [hitch] main thread busy for 40ms
⏱️ [hitch] main thread busy for 42ms
⏱️ [hitch] main thread busy for 51ms
⏱️ [hitch] main thread busy for 59ms
⏱️ [hitch] main thread busy for 49ms
⏱️ [hitch] main thread busy for 54ms
⏱️ [hitch] main thread busy for 68ms
⏱️ [hitch] main thread busy for 62ms
⏱️ [hitch] main thread busy for 52ms
⏱️ [hitch] main thread busy for 71ms
⏱️ [hitch] main thread busy for 61ms
⏱️ [hitch] main thread busy for 66ms
⏱️ [hitch] main thread busy for 42ms
⏱️ [hitch] main thread busy for 64ms
⏱️ [hitch] main thread busy for 50ms
⏱️ [hitch] main thread busy for 43ms
⏱️ [hitch] main thread busy for 66ms
⏱️ [hitch] main thread busy for 53ms
⏱️ [hitch] main thread busy for 43ms
⏱️ [hitch] main thread busy for 65ms
⏱️ [hitch] main thread busy for 63ms
⏱️ [hitch] main thread busy for 72ms
⏱️ [hitch] main thread busy for 63ms
⏱️ [hitch] main thread busy for 40ms
⏱️ [hitch] main thread busy for 53ms
⏱️ [hitch] main thread busy for 54ms
⏱️ [hitch] main thread busy for 77ms
⏱️ [hitch] main thread busy for 43ms
⏱️ [hitch] main thread busy for 47ms
⏱️ [hitch] main thread busy for 69ms
⏱️ [hitch] main thread busy for 62ms
⏱️ [hitch] main thread busy for 54ms
⏱️ [hitch] main thread busy for 47ms
⏱️ [hitch] main thread busy for 48ms
⏱️ [hitch] main thread busy for 41ms
⏱️ [hitch] main thread busy for 64ms
⏱️ [hitch] main thread busy for 41ms
⏱️ [hitch] main thread busy for 68ms
⏱️ [hitch] main thread busy for 44ms
⏱️ [hitch] main thread busy for 66ms
⏱️ [hitch] main thread busy for 45ms
⏱️ [hitch] main thread busy for 49ms
⏱️ [hitch] main thread busy for 44ms
⏱️ [hitch] main thread busy for 64ms
⏱️ [hitch] main thread busy for 46ms
⏱️ [hitch] main thread busy for 41ms
⏱️ [hitch] main thread busy for 62ms
⏱️ [hitch] main thread busy for 40ms
⏱️ [hitch] main thread busy for 61ms
⏱️ [hitch] main thread busy for 63ms
⏱️ [hitch] main thread busy for 46ms
⏱️ [hitch] main thread busy for 65ms
⏱️ [hitch] main thread busy for 63ms
⏱️ [hitch] main thread busy for 53ms
⏱️ [hitch] main thread busy for 54ms
⏱️ [hitch] main thread busy for 54ms
⏱️ [hitch] main thread busy for 68ms
⏱️ [hitch] main thread busy for 66ms
⏱️ [hitch] main thread busy for 48ms
⏱️ [hitch] main thread busy for 64ms
⏱️ [hitch] main thread busy for 44ms
⏱️ [hitch] main thread busy for 58ms
⏱️ [hitch] main thread busy for 65ms
⏱️ [hitch] main thread busy for 65ms
⏱️ [hitch] main thread busy for 49ms
⏱️ [hitch] main thread busy for 46ms
⏱️ [hitch] main thread busy for 67ms
⏱️ [hitch] main thread busy for 68ms
⏱️ [hitch] main thread busy for 53ms
⏱️ [hitch] main thread busy for 58ms
⏱️ [hitch] main thread busy for 63ms
⏱️ [hitch] main thread busy for 53ms
⏱️ [hitch] main thread busy for 46ms
⏱️ [hitch] main thread busy for 49ms
⏱️ [hitch] main thread busy for 60ms
⏱️ [hitch] main thread busy for 62ms
⏱️ [hitch] main thread busy for 49ms
⏱️ [hitch] main thread busy for 42ms
⏱️ [hitch] main thread busy for 45ms
⏱️ [hitch] main thread busy for 63ms
⏱️ [hitch] main thread busy for 66ms
⏱️ [hitch] main thread busy for 41ms
⏱️ [hitch] main thread busy for 67ms
⏱️ [hitch] main thread busy for 66ms
⏱️ [hitch] main thread busy for 41ms
⏱️ [hitch] main thread busy for 46ms
⏱️ [hitch] main thread busy for 61ms
⏱️ [hitch] main thread busy for 51ms
⏱️ [hitch] main thread busy for 65ms
⏱️ [hitch] main thread busy for 41ms
⏱️ [hitch] main thread busy for 47ms
⏱️ [hitch] main thread busy for 47ms
⏱️ [hitch] main thread busy for 63ms
⏱️ [hitch] main thread busy for 51ms
⏱️ [hitch] main thread busy for 66ms
⏱️ [hitch] main thread busy for 53ms
⏱️ [hitch] main thread busy for 64ms
⏱️ [hitch] main thread busy for 73ms
⏱️ [hitch] main thread busy for 43ms
⏱️ [hitch] main thread busy for 67ms
⏱️ [hitch] main thread busy for 56ms
⏱️ [hitch] main thread busy for 70ms
⏱️ [hitch] main thread busy for 48ms
⏱️ [hitch] main thread busy for 46ms
⏱️ [hitch] main thread busy for 44ms
⏱️ [hitch] main thread busy for 67ms
⏱️ [hitch] main thread busy for 65ms
⏱️ [hitch] main thread busy for 68ms
⏱️ [hitch] main thread busy for 64ms
⏱️ [hitch] main thread busy for 47ms
⏱️ [hitch] main thread busy for 69ms
⏱️ [hitch] main thread busy for 65ms
⏱️ [hitch] main thread busy for 65ms
⏱️ [hitch] main thread busy for 66ms
⏱️ [hitch] main thread busy for 69ms
⏱️ [hitch] main thread busy for 67ms
⏱️ [hitch] main thread busy for 76ms
⏱️ [hitch] main thread busy for 64ms
⏱️ [hitch] main thread busy for 44ms
⏱️ [hitch] main thread busy for 40ms
⏱️ [hitch] main thread busy for 72ms
⏱️ [hitch] main thread busy for 48ms
⏱️ [hitch] main thread busy for 71ms
⏱️ [hitch] main thread busy for 42ms
⏱️ [hitch] main thread busy for 44ms
⏱️ [hitch] main thread busy for 63ms
⏱️ [hitch] main thread busy for 49ms
⏱️ [hitch] main thread busy for 57ms
⏱️ [hitch] main thread busy for 61ms
⏱️ [hitch] main thread busy for 41ms
⏱️ [hitch] main thread busy for 60ms
⏱️ [hitch] main thread busy for 43ms
⏱️ [hitch] main thread busy for 41ms
⏱️ [hitch] main thread busy for 45ms
⏱️ [hitch] main thread busy for 57ms
⏱️ [hitch] main thread busy for 56ms
⏱️ [hitch] main thread busy for 41ms
⏱️ [hitch] main thread busy for 45ms
⏱️ [hitch] main thread busy for 40ms
⏱️ [hitch] main thread busy for 56ms
⏱️ [hitch] main thread busy for 57ms
⏱️ [hitch] main thread busy for 64ms
⏱️ [hitch] main thread busy for 41ms
⏱️ [hitch] main thread busy for 53ms
⏱️ [hitch] main thread busy for 42ms
⏱️ [hitch] main thread busy for 45ms
⏱️ [hitch] main thread busy for 49ms
⏱️ [hitch] main thread busy for 41ms
⏱️ [hitch] main thread busy for 59ms
⏱️ [hitch] main thread busy for 66ms
⏱️ [hitch] main thread busy for 41ms
⏱️ [hitch] main thread busy for 68ms
⏱️ [hitch] main thread busy for 48ms
⏱️ [hitch] main thread busy for 60ms
⏱️ [hitch] main thread busy for 68ms
⏱️ [hitch] main thread busy for 41ms
⏱️ [hitch] main thread busy for 66ms
⏱️ [hitch] main thread busy for 63ms
⏱️ [hitch] main thread busy for 60ms
⏱️ [hitch] main thread busy for 43ms
⏱️ [hitch] main thread busy for 56ms
⏱️ [hitch] main thread busy for 68ms
⏱️ [hitch] main thread busy for 50ms
⏱️ [hitch] main thread busy for 46ms
⏱️ [hitch] main thread busy for 43ms
⏱️ [hitch] main thread busy for 40ms
⏱️ [hitch] main thread busy for 58ms
⏱️ [hitch] main thread busy for 42ms
⏱️ [hitch] main thread busy for 40ms
⏱️ [hitch] main thread busy for 71ms
⏱️ [hitch] main thread busy for 58ms
⏱️ [hitch] main thread busy for 68ms
⏱️ [hitch] main thread busy for 53ms
⏱️ [hitch] main thread busy for 66ms
⏱️ [hitch] main thread busy for 63ms
⏱️ [hitch] main thread busy for 66ms
⏱️ [hitch] main thread busy for 54ms
⏱️ [hitch] main thread busy for 67ms
⏱️ [hitch] main thread busy for 76ms
⏱️ [hitch] main thread busy for 51ms
⏱️ [hitch] main thread busy for 66ms
⏱️ [hitch] main thread busy for 66ms
⏱️ [hitch] main thread busy for 53ms
⏱️ [hitch] main thread busy for 69ms
⏱️ [hitch] main thread busy for 41ms
⏱️ [hitch] main thread busy for 44ms
⏱️ [hitch] main thread busy for 54ms
⏱️ [hitch] main thread busy for 52ms
⏱️ [hitch] main thread busy for 58ms
⏱️ [hitch] main thread busy for 42ms
⏱️ [hitch] main thread busy for 56ms
⏱️ [hitch] main thread busy for 49ms
⏱️ [hitch] main thread busy for 56ms
⏱️ [hitch] main thread busy for 52ms
⏱️ [hitch] main thread busy for 55ms
⏱️ [hitch] main thread busy for 44ms
⏱️ [hitch] main thread busy for 71ms
⏱️ [hitch] main thread busy for 44ms
⏱️ [hitch] main thread busy for 65ms
⏱️ [hitch] main thread busy for 67ms
⏱️ [hitch] main thread busy for 67ms
⏱️ [hitch] main thread busy for 44ms
⏱️ [hitch] main thread busy for 48ms
⏱️ [hitch] main thread busy for 45ms
⏱️ [hitch] main thread busy for 73ms
⏱️ [hitch] main thread busy for 51ms
⏱️ [hitch] main thread busy for 63ms
⏱️ [hitch] main thread busy for 66ms
⏱️ [hitch] main thread busy for 43ms
⏱️ [hitch] main thread busy for 42ms
⏱️ [hitch] main thread busy for 70ms
⏱️ [hitch] main thread busy for 45ms
⏱️ [hitch] main thread busy for 40ms
⏱️ [hitch] main thread busy for 60ms
⏱️ [hitch] main thread busy for 69ms
⏱️ [hitch] main thread busy for 68ms
⏱️ [hitch] main thread busy for 47ms
⏱️ [hitch] main thread busy for 44ms
⏱️ [hitch] main thread busy for 50ms
⏱️ [hitch] main thread busy for 57ms
⏱️ [hitch] main thread busy for 66ms
⏱️ [hitch] main thread busy for 48ms
⏱️ [hitch] main thread busy for 45ms
⏱️ [hitch] main thread busy for 65ms
⏱️ [hitch] main thread busy for 66ms
⏱️ [hitch] main thread busy for 47ms
⏱️ [hitch] main thread busy for 53ms
⏱️ [hitch] main thread busy for 53ms
⏱️ [hitch] main thread busy for 41ms
⏱️ [hitch] main thread busy for 46ms
⏱️ [hitch] main thread busy for 79ms
⏱️ [hitch] main thread busy for 64ms
⏱️ [hitch] main thread busy for 65ms
⏱️ [hitch] main thread busy for 67ms
⏱️ [hitch] main thread busy for 42ms
⏱️ [hitch] main thread busy for 43ms
⏱️ [hitch] main thread busy for 45ms
⏱️ [hitch] main thread busy for 40ms
⏱️ [hitch] main thread busy for 57ms
⏱️ [hitch] main thread busy for 59ms
⏱️ [hitch] main thread busy for 42ms
⏱️ [hitch] main thread busy for 52ms
⏱️ [hitch] main thread busy for 56ms
⏱️ [hitch] main thread busy for 60ms
⏱️ [hitch] main thread busy for 56ms
⏱️ [hitch] main thread busy for 40ms
⏱️ [hitch] main thread busy for 64ms
⏱️ [hitch] main thread busy for 41ms
⏱️ [hitch] main thread busy for 42ms
⏱️ [hitch] main thread busy for 64ms
⏱️ [hitch] main thread busy for 52ms
⏱️ [hitch] main thread busy for 67ms
⏱️ [hitch] main thread busy for 53ms
⏱️ [hitch] main thread busy for 44ms
⏱️ [hitch] main thread busy for 43ms
⏱️ [hitch] main thread busy for 41ms
⏱️ [hitch] main thread busy for 46ms
⏱️ [hitch] main thread busy for 65ms
⏱️ [hitch] main thread busy for 41ms
⏱️ [hitch] main thread busy for 64ms
⏱️ [hitch] main thread busy for 41ms
⏱️ [hitch] main thread busy for 53ms
⏱️ [hitch] main thread busy for 57ms
⏱️ [hitch] main thread busy for 58ms
⏱️ [hitch] main thread busy for 61ms
⏱️ [hitch] main thread busy for 40ms
⏱️ [hitch] main thread busy for 63ms
⏱️ [hitch] main thread busy for 71ms
⏱️ [hitch] main thread busy for 47ms
⏱️ [hitch] main thread busy for 47ms
⏱️ [hitch] main thread busy for 57ms
⏱️ [hitch] main thread busy for 44ms
⏱️ [hitch] main thread busy for 59ms
⏱️ [hitch] main thread busy for 44ms
⏱️ [hitch] main thread busy for 70ms
⏱️ [hitch] main thread busy for 59ms
⏱️ [hitch] main thread busy for 67ms
⏱️ [hitch] main thread busy for 69ms
⏱️ [hitch] main thread busy for 67ms
⏱️ [hitch] main thread busy for 56ms
⏱️ [hitch] main thread busy for 46ms
⏱️ [hitch] main thread busy for 69ms
⏱️ [hitch] main thread busy for 40ms
⏱️ [hitch] main thread busy for 65ms
⏱️ [hitch] main thread busy for 44ms
⏱️ [hitch] main thread busy for 43ms
⏱️ [hitch] main thread busy for 55ms
⏱️ [hitch] main thread busy for 45ms
⏱️ [hitch] main thread busy for 42ms
⏱️ [hitch] main thread busy for 40ms
⏱️ [hitch] main thread busy for 40ms
⏱️ [hitch] main thread busy for 41ms
⏱️ [hitch] main thread busy for 66ms
⏱️ [hitch] main thread busy for 40ms
⏱️ [hitch] main thread busy for 63ms
⏱️ [hitch] main thread busy for 47ms
⏱️ [hitch] main thread busy for 65ms
⏱️ [hitch] main thread busy for 41ms
⏱️ [hitch] main thread busy for 41ms
⏱️ [hitch] main thread busy for 41ms
⏱️ [hitch] main thread busy for 40ms
⏱️ [hitch] main thread busy for 53ms
⏱️ [hitch] main thread busy for 59ms
⏱️ [hitch] main thread busy for 46ms
⏱️ [hitch] main thread busy for 44ms
⏱️ [hitch] main thread busy for 65ms
⏱️ [hitch] main thread busy for 40ms
⏱️ [hitch] main thread busy for 67ms
⏱️ [hitch] main thread busy for 40ms
⏱️ [hitch] main thread busy for 68ms
⏱️ [hitch] main thread busy for 51ms
⏱️ [hitch] main thread busy for 55ms
⏱️ [hitch] main thread busy for 59ms
⏱️ [hitch] main thread busy for 45ms
⏱️ [hitch] main thread busy for 49ms
⏱️ [hitch] main thread busy for 60ms
⏱️ [hitch] main thread busy for 44ms
⏱️ [hitch] main thread busy for 61ms
⏱️ [hitch] main thread busy for 63ms
⏱️ [hitch] main thread busy for 63ms
⏱️ [hitch] main thread busy for 64ms
⏱️ [hitch] main thread busy for 51ms
⏱️ [hitch] main thread busy for 68ms
⏱️ [hitch] main thread busy for 42ms
⏱️ [hitch] main thread busy for 63ms
⏱️ [hitch] main thread busy for 63ms
⏱️ [hitch] main thread busy for 58ms
⏱️ [hitch] main thread busy for 44ms
⏱️ [hitch] main thread busy for 41ms
⏱️ [hitch] main thread busy for 43ms
⏱️ [hitch] main thread busy for 57ms
⏱️ [hitch] main thread busy for 63ms
⏱️ [hitch] main thread busy for 67ms
⏱️ [hitch] main thread busy for 42ms
⏱️ [hitch] main thread busy for 62ms
⏱️ [hitch] main thread busy for 59ms
⏱️ [hitch] main thread busy for 71ms
⏱️ [hitch] main thread busy for 60ms
⏱️ [hitch] main thread busy for 54ms
⏱️ [hitch] main thread busy for 65ms
⏱️ [hitch] main thread busy for 59ms
⏱️ [hitch] main thread busy for 40ms
⏱️ [hitch] main thread busy for 42ms
⏱️ [hitch] main thread busy for 63ms
⏱️ [hitch] main thread busy for 49ms
⏱️ [hitch] main thread busy for 47ms
⏱️ [hitch] main thread busy for 45ms
⏱️ [hitch] main thread busy for 66ms
⏱️ [hitch] main thread busy for 41ms
⏱️ [hitch] main thread busy for 51ms
⏱️ [hitch] main thread busy for 57ms
⏱️ [hitch] main thread busy for 50ms
⏱️ [hitch] main thread busy for 70ms
⏱️ [hitch] main thread busy for 63ms
⏱️ [hitch] main thread busy for 48ms
⏱️ [hitch] main thread busy for 41ms
⏱️ [hitch] main thread busy for 43ms
⏱️ [hitch] main thread busy for 45ms
⏱️ [hitch] main thread busy for 65ms
⏱️ [hitch] main thread busy for 66ms
⏱️ [hitch] main thread busy for 44ms
⏱️ [hitch] main thread busy for 68ms
⏱️ [hitch] main thread busy for 62ms
⏱️ [hitch] main thread busy for 64ms
⏱️ [hitch] main thread busy for 49ms
⏱️ [hitch] main thread busy for 65ms
⏱️ [hitch] main thread busy for 60ms
⏱️ [hitch] main thread busy for 41ms
⏱️ [hitch] main thread busy for 58ms
⏱️ [hitch] main thread busy for 71ms
⏱️ [hitch] main thread busy for 52ms
⏱️ [hitch] main thread busy for 59ms
⏱️ [hitch] main thread busy for 57ms
⏱️ [hitch] main thread busy for 67ms
⏱️ [hitch] main thread busy for 67ms
⏱️ [hitch] main thread busy for 40ms
⏱️ [hitch] main thread busy for 67ms
⏱️ [hitch] main thread busy for 57ms
⏱️ [hitch] main thread busy for 67ms
⏱️ [hitch] main thread busy for 46ms
⏱️ [hitch] main thread busy for 63ms
⏱️ [hitch] main thread busy for 54ms
⏱️ [hitch] main thread busy for 53ms
⏱️ [hitch] main thread busy for 66ms
⏱️ [hitch] main thread busy for 53ms
⏱️ [hitch] main thread busy for 40ms
⏱️ [hitch] main thread busy for 51ms
⏱️ [hitch] main thread busy for 65ms
⏱️ [hitch] main thread busy for 54ms
⏱️ [hitch] main thread busy for 63ms
⏱️ [hitch] main thread busy for 60ms
⏱️ [hitch] main thread busy for 58ms
⏱️ [hitch] main thread busy for 57ms
⏱️ [hitch] main thread busy for 44ms
⏱️ [hitch] main thread busy for 41ms
⏱️ [hitch] main thread busy for 53ms
⏱️ [hitch] main thread busy for 54ms
⏱️ [hitch] main thread busy for 43ms
⏱️ [hitch] main thread busy for 65ms
⏱️ [hitch] main thread busy for 62ms
⏱️ [hitch] main thread busy for 47ms
⏱️ [hitch] main thread busy for 61ms
⏱️ [hitch] main thread busy for 51ms
⏱️ [hitch] main thread busy for 65ms
⏱️ [hitch] main thread busy for 41ms
⏱️ [hitch] main thread busy for 55ms
⏱️ [hitch] main thread busy for 56ms
⏱️ [hitch] main thread busy for 50ms
⏱️ [hitch] main thread busy for 58ms
⏱️ [hitch] main thread busy for 40ms
⏱️ [hitch] main thread busy for 44ms
⏱️ [hitch] main thread busy for 47ms
⏱️ [hitch] main thread busy for 57ms
⏱️ [hitch] main thread busy for 44ms
⏱️ [hitch] main thread busy for 41ms
⏱️ [hitch] main thread busy for 49ms
⏱️ [hitch] main thread busy for 42ms
⏱️ [hitch] main thread busy for 64ms
⏱️ [hitch] main thread busy for 47ms
⏱️ [hitch] main thread busy for 60ms
⏱️ [hitch] main thread busy for 59ms
⏱️ [hitch] main thread busy for 51ms
⏱️ [hitch] main thread busy for 59ms
⏱️ [hitch] main thread busy for 49ms
⏱️ [hitch] main thread busy for 63ms
⏱️ [hitch] main thread busy for 49ms
⏱️ [hitch] main thread busy for 78ms
⏱️ [hitch] main thread busy for 41ms
⏱️ [hitch] main thread busy for 42ms
⏱️ [hitch] main thread busy for 51ms
⏱️ [hitch] main thread busy for 42ms
⏱️ [hitch] main thread busy for 43ms
⏱️ [hitch] main thread busy for 44ms
⏱️ [hitch] main thread busy for 52ms
⏱️ [hitch] main thread busy for 52ms
⏱️ [hitch] main thread busy for 41ms
⏱️ [hitch] main thread busy for 59ms
⏱️ [hitch] main thread busy for 64ms
⏱️ [hitch] main thread busy for 62ms
⏱️ [hitch] main thread busy for 63ms
⏱️ [hitch] main thread busy for 42ms
⏱️ [hitch] main thread busy for 50ms
⏱️ [hitch] main thread busy for 50ms
⏱️ [hitch] main thread busy for 42ms
⏱️ [hitch] main thread busy for 60ms
⏱️ [hitch] main thread busy for 57ms
⏱️ [hitch] main thread busy for 42ms
⏱️ [hitch] main thread busy for 49ms
⏱️ [hitch] main thread busy for 41ms
⏱️ [hitch] main thread busy for 44ms
⏱️ [hitch] main thread busy for 57ms
⏱️ [hitch] main thread busy for 49ms
⏱️ [hitch] main thread busy for 42ms
⏱️ [hitch] main thread busy for 42ms
⏱️ [hitch] main thread busy for 55ms
⏱️ [hitch] main thread busy for 40ms
⏱️ [hitch] main thread busy for 66ms
⏱️ [hitch] main thread busy for 41ms
⏱️ [hitch] main thread busy for 54ms
⏱️ [hitch] main thread busy for 56ms
⏱️ [hitch] main thread busy for 43ms
⏱️ [hitch] main thread busy for 62ms
⏱️ [hitch] main thread busy for 57ms
⏱️ [hitch] main thread busy for 61ms
⏱️ [hitch] main thread busy for 50ms
⏱️ [hitch] main thread busy for 44ms
⏱️ [hitch] main thread busy for 60ms
⏱️ [hitch] main thread busy for 60ms
⏱️ [hitch] main thread busy for 59ms
⏱️ [hitch] main thread busy for 40ms
⏱️ [hitch] main thread busy for 48ms
⏱️ [hitch] main thread busy for 66ms
⏱️ [hitch] main thread busy for 66ms
⏱️ [hitch] main thread busy for 51ms
⏱️ [hitch] main thread busy for 61ms
⏱️ [hitch] main thread busy for 54ms
⏱️ [hitch] main thread busy for 64ms
⏱️ [hitch] main thread busy for 50ms
⏱️ [hitch] main thread busy for 65ms
⏱️ [hitch] main thread busy for 65ms
⏱️ [hitch] main thread busy for 61ms
⏱️ [hitch] main thread busy for 57ms
⏱️ [hitch] main thread busy for 56ms
⏱️ [hitch] main thread busy for 60ms
⏱️ [hitch] main thread busy for 62ms
⏱️ [hitch] main thread busy for 43ms
⏱️ [hitch] main thread busy for 53ms
⏱️ [hitch] main thread busy for 41ms
⏱️ [hitch] main thread busy for 51ms
⏱️ [hitch] main thread busy for 45ms
⏱️ [hitch] main thread busy for 63ms
⏱️ [hitch] main thread busy for 72ms
⏱️ [hitch] main thread busy for 52ms
⏱️ [hitch] main thread busy for 58ms
⏱️ [hitch] main thread busy for 41ms
⏱️ [hitch] main thread busy for 69ms
⏱️ [hitch] main thread busy for 50ms
⏱️ [hitch] main thread busy for 55ms
⏱️ [hitch] main thread busy for 50ms
⏱️ [hitch] main thread busy for 74ms
⏱️ [hitch] main thread busy for 69ms
⏱️ [hitch] main thread busy for 57ms
⏱️ [hitch] main thread busy for 66ms
⏱️ [hitch] main thread busy for 42ms
⏱️ [hitch] main thread busy for 67ms
⏱️ [hitch] main thread busy for 67ms
⏱️ [hitch] main thread busy for 63ms
⏱️ [hitch] main thread busy for 45ms
⏱️ [hitch] main thread busy for 70ms
⏱️ [hitch] main thread busy for 67ms
⏱️ [hitch] main thread busy for 61ms
⏱️ [hitch] main thread busy for 45ms
⏱️ [hitch] main thread busy for 59ms
⏱️ [hitch] main thread busy for 63ms
⏱️ [hitch] main thread busy for 62ms
⏱️ [hitch] main thread busy for 40ms
⏱️ [hitch] main thread busy for 64ms
⏱️ [hitch] main thread busy for 69ms
⏱️ [hitch] main thread busy for 68ms
⏱️ [hitch] main thread busy for 57ms
⏱️ [hitch] main thread busy for 64ms
⏱️ [hitch] main thread busy for 64ms
⏱️ [hitch] main thread busy for 64ms
⏱️ [hitch] main thread busy for 65ms
⏱️ [hitch] main thread busy for 59ms
⏱️ [hitch] main thread busy for 63ms
⏱️ [hitch] main thread busy for 70ms
⏱️ [hitch] main thread busy for 69ms
⏱️ [hitch] main thread busy for 45ms
⏱️ [hitch] main thread busy for 54ms
⏱️ [hitch] main thread busy for 72ms
⏱️ [hitch] main thread busy for 47ms
⏱️ [hitch] main thread busy for 66ms
⏱️ [hitch] main thread busy for 67ms
⏱️ [hitch] main thread busy for 43ms
⏱️ [hitch] main thread busy for 51ms
⏱️ [hitch] main thread busy for 52ms
⏱️ [hitch] main thread busy for 40ms
⏱️ [hitch] main thread busy for 41ms
⏱️ [hitch] main thread busy for 53ms
⏱️ [hitch] main thread busy for 44ms
⏱️ [hitch] main thread busy for 42ms
⏱️ [hitch] main thread busy for 40ms
⏱️ [hitch] main thread busy for 41ms
⏱️ [hitch] main thread busy for 40ms
⏱️ [hitch] main thread busy for 56ms
⏱️ [hitch] main thread busy for 67ms
⏱️ [hitch] main thread busy for 73ms
⏱️ [hitch] main thread busy for 55ms
⏱️ [hitch] main thread busy for 54ms
⏱️ [hitch] main thread busy for 50ms
⏱️ [hitch] main thread busy for 73ms
⏱️ [hitch] main thread busy for 63ms
⏱️ [hitch] main thread busy for 57ms
⏱️ [hitch] main thread busy for 61ms
⏱️ [hitch] main thread busy for 65ms
⏱️ [hitch] main thread busy for 56ms
⏱️ [hitch] main thread busy for 65ms
⏱️ [hitch] main thread busy for 60ms
⏱️ [hitch] main thread busy for 66ms
⏱️ [hitch] main thread busy for 56ms
⏱️ [hitch] main thread busy for 45ms
⏱️ [hitch] main thread busy for 50ms
⏱️ [hitch] main thread busy for 50ms
⏱️ [hitch] main thread busy for 56ms
⏱️ [hitch] main thread busy for 52ms
⏱️ [hitch] main thread busy for 56ms
⏱️ [hitch] main thread busy for 58ms
⏱️ [hitch] main thread busy for 49ms
⏱️ [hitch] main thread busy for 53ms
⏱️ [hitch] main thread busy for 64ms
⏱️ [hitch] main thread busy for 63ms
⏱️ [hitch] main thread busy for 66ms
⏱️ [hitch] main thread busy for 68ms
⏱️ [hitch] main thread busy for 49ms
⏱️ [hitch] main thread busy for 57ms
⏱️ [hitch] main thread busy for 49ms
⏱️ [hitch] main thread busy for 66ms
⏱️ [hitch] main thread busy for 44ms
⏱️ [hitch] main thread busy for 54ms
⏱️ [hitch] main thread busy for 55ms
⏱️ [hitch] main thread busy for 63ms
⏱️ [hitch] main thread busy for 67ms
⏱️ [hitch] main thread busy for 64ms
⏱️ [hitch] main thread busy for 62ms
⏱️ [hitch] main thread busy for 68ms
⏱️ [hitch] main thread busy for 74ms
⏱️ [hitch] main thread busy for 47ms
⏱️ [hitch] main thread busy for 68ms
⏱️ [hitch] main thread busy for 51ms
⏱️ [hitch] main thread busy for 48ms
⏱️ [hitch] main thread busy for 40ms
⏱️ [hitch] main thread busy for 44ms
⏱️ [hitch] main thread busy for 50ms
⏱️ [hitch] main thread busy for 65ms
⏱️ [hitch] main thread busy for 67ms
⏱️ [hitch] main thread busy for 49ms
⏱️ [hitch] main thread busy for 59ms
⏱️ [hitch] main thread busy for 64ms
⏱️ [hitch] main thread busy for 58ms
⏱️ [hitch] main thread busy for 53ms
⏱️ [hitch] main thread busy for 48ms
⏱️ [hitch] main thread busy for 50ms
⏱️ [hitch] main thread busy for 62ms
⏱️ [hitch] main thread busy for 64ms
⏱️ [hitch] main thread busy for 70ms
⏱️ [hitch] main thread busy for 68ms
⏱️ [hitch] main thread busy for 67ms
⏱️ [hitch] main thread busy for 41ms
⏱️ [hitch] main thread busy for 59ms
⏱️ [hitch] main thread busy for 59ms
⏱️ [hitch] main thread busy for 46ms
⏱️ [hitch] main thread busy for 51ms
⏱️ [hitch] main thread busy for 43ms
⏱️ [hitch] main thread busy for 41ms
⏱️ [hitch] main thread busy for 53ms
⏱️ [hitch] main thread busy for 45ms
⏱️ [hitch] main thread busy for 62ms
⏱️ [hitch] main thread busy for 54ms
⏱️ [hitch] main thread busy for 64ms
⏱️ [hitch] main thread busy for 45ms
⏱️ [hitch] main thread busy for 63ms
⏱️ [hitch] main thread busy for 63ms
⏱️ [hitch] main thread busy for 67ms
⏱️ [hitch] main thread busy for 71ms
⏱️ [hitch] main thread busy for 40ms
⏱️ [hitch] main thread busy for 59ms
⏱️ [hitch] main thread busy for 52ms
⏱️ [hitch] main thread busy for 66ms
⏱️ [hitch] main thread busy for 50ms
⏱️ [hitch] main thread busy for 70ms
⏱️ [hitch] main thread busy for 41ms
⏱️ [hitch] main thread busy for 66ms
⏱️ [hitch] main thread busy for 43ms
⏱️ [hitch] main thread busy for 64ms
⏱️ [hitch] main thread busy for 62ms
⏱️ [hitch] main thread busy for 65ms
⏱️ [hitch] main thread busy for 63ms
⏱️ [hitch] main thread busy for 65ms
⏱️ [hitch] main thread busy for 64ms
⏱️ [hitch] main thread busy for 70ms
⏱️ [hitch] main thread busy for 71ms
⏱️ [hitch] main thread busy for 41ms
⏱️ [hitch] main thread busy for 41ms
⏱️ [hitch] main thread busy for 70ms
⏱️ [hitch] main thread busy for 61ms
⏱️ [hitch] main thread busy for 43ms
⏱️ [hitch] main thread busy for 68ms
⏱️ [hitch] main thread busy for 42ms
⏱️ [hitch] main thread busy for 58ms
⏱️ [hitch] main thread busy for 41ms
⏱️ [hitch] main thread busy for 60ms
⏱️ [hitch] main thread busy for 60ms
⏱️ [hitch] main thread busy for 67ms
⏱️ [hitch] main thread busy for 44ms
⏱️ [hitch] main thread busy for 59ms
⏱️ [hitch] main thread busy for 64ms
⏱️ [hitch] main thread busy for 69ms
⏱️ [hitch] main thread busy for 43ms
⏱️ [hitch] main thread busy for 40ms
⏱️ [hitch] main thread busy for 49ms
⏱️ [hitch] main thread busy for 41ms
⏱️ [hitch] main thread busy for 44ms
⏱️ [hitch] main thread busy for 53ms
⏱️ [hitch] main thread busy for 51ms
⏱️ [hitch] main thread busy for 65ms
⏱️ [hitch] main thread busy for 41ms
⏱️ [hitch] main thread busy for 62ms
⏱️ [hitch] main thread busy for 60ms
⏱️ [hitch] main thread busy for 67ms
⏱️ [hitch] main thread busy for 50ms
⏱️ [hitch] main thread busy for 41ms
⏱️ [hitch] main thread busy for 67ms
⏱️ [hitch] main thread busy for 64ms
⏱️ [hitch] main thread busy for 54ms
⏱️ [hitch] main thread busy for 57ms
⏱️ [hitch] main thread busy for 54ms
⏱️ [hitch] main thread busy for 75ms
⏱️ [hitch] main thread busy for 60ms
⏱️ [hitch] main thread busy for 72ms
⏱️ [hitch] main thread busy for 62ms
⏱️ [hitch] main thread busy for 56ms
⏱️ [hitch] main thread busy for 58ms
⏱️ [hitch] main thread busy for 65ms
⏱️ [hitch] main thread busy for 49ms
⏱️ [hitch] main thread busy for 58ms
⏱️ [hitch] main thread busy for 65ms
⏱️ [hitch] main thread busy for 63ms
⏱️ [hitch] main thread busy for 65ms
⏱️ [hitch] main thread busy for 55ms
⏱️ [hitch] main thread busy for 63ms
⏱️ [hitch] main thread busy for 54ms
⏱️ [hitch] main thread busy for 43ms
⏱️ [hitch] main thread busy for 64ms
⏱️ [hitch] main thread busy for 65ms
⏱️ [hitch] main thread busy for 53ms
⏱️ [hitch] main thread busy for 41ms
⏱️ [hitch] main thread busy for 70ms
⏱️ [hitch] main thread busy for 41ms
⏱️ [hitch] main thread busy for 53ms
⏱️ [hitch] main thread busy for 65ms
⏱️ [hitch] main thread busy for 68ms
⏱️ [hitch] main thread busy for 42ms
⏱️ [hitch] main thread busy for 59ms
⏱️ [hitch] main thread busy for 60ms
⏱️ [hitch] main thread busy for 77ms
⏱️ [hitch] main thread busy for 46ms
⏱️ [hitch] main thread busy for 41ms
⏱️ [hitch] main thread busy for 63ms
⏱️ [hitch] main thread busy for 65ms
⏱️ [hitch] main thread busy for 57ms
⏱️ [hitch] main thread busy for 61ms
⏱️ [hitch] main thread busy for 41ms
⏱️ [hitch] main thread busy for 58ms
⏱️ [hitch] main thread busy for 47ms
⏱️ [hitch] main thread busy for 62ms
⏱️ [hitch] main thread busy for 66ms
⏱️ [hitch] main thread busy for 64ms
⏱️ [hitch] main thread busy for 56ms
⏱️ [hitch] main thread busy for 58ms
⏱️ [hitch] main thread busy for 66ms
⏱️ [hitch] main thread busy for 45ms
⏱️ [hitch] main thread busy for 58ms
⏱️ [hitch] main thread busy for 49ms
⏱️ [hitch] main thread busy for 67ms
⏱️ [hitch] main thread busy for 53ms
⏱️ [hitch] main thread busy for 67ms
⏱️ [hitch] main thread busy for 44ms
⏱️ [hitch] main thread busy for 61ms
⏱️ [hitch] main thread busy for 50ms
⏱️ [hitch] main thread busy for 46ms
⏱️ [hitch] main thread busy for 47ms
⏱️ [hitch] main thread busy for 70ms
⏱️ [hitch] main thread busy for 45ms
⏱️ [hitch] main thread busy for 66ms
⏱️ [hitch] main thread busy for 43ms
⏱️ [hitch] main thread busy for 58ms
⏱️ [hitch] main thread busy for 57ms
⏱️ [hitch] main thread busy for 43ms
⏱️ [hitch] main thread busy for 60ms
⏱️ [hitch] main thread busy for 58ms
⏱️ [hitch] main thread busy for 45ms
⏱️ [hitch] main thread busy for 55ms
⏱️ [hitch] main thread busy for 64ms
⏱️ [hitch] main thread busy for 45ms
⏱️ [hitch] main thread busy for 50ms
⏱️ [hitch] main thread busy for 50ms
⏱️ [hitch] main thread busy for 60ms
⏱️ [hitch] main thread busy for 65ms
⏱️ [hitch] main thread busy for 54ms
⏱️ [hitch] main thread busy for 44ms
⏱️ [hitch] main thread busy for 51ms
⏱️ [hitch] main thread busy for 61ms
⏱️ [hitch] main thread busy for 54ms
⏱️ [hitch] main thread busy for 61ms
⏱️ [hitch] main thread busy for 68ms
⏱️ [hitch] main thread busy for 66ms
⏱️ [hitch] main thread busy for 55ms
⏱️ [hitch] main thread busy for 51ms
⏱️ [hitch] main thread busy for 46ms
⏱️ [hitch] main thread busy for 51ms
⏱️ [hitch] main thread busy for 47ms
⏱️ [hitch] main thread busy for 48ms
⏱️ [hitch] main thread busy for 49ms
⏱️ [hitch] main thread busy for 45ms
⏱️ [hitch] main thread busy for 51ms
⏱️ [hitch] main thread busy for 53ms
⏱️ [hitch] main thread busy for 45ms
⏱️ [hitch] main thread busy for 67ms
⏱️ [hitch] main thread busy for 53ms
⏱️ [hitch] main thread busy for 41ms
⏱️ [hitch] main thread busy for 57ms
⏱️ [hitch] main thread busy for 52ms
⏱️ [hitch] main thread busy for 64ms
⏱️ [hitch] main thread busy for 63ms
⏱️ [hitch] main thread busy for 59ms
⏱️ [hitch] main thread busy for 67ms
⏱️ [hitch] main thread busy for 50ms
⏱️ [hitch] main thread busy for 72ms
⏱️ [hitch] main thread busy for 41ms
⏱️ [hitch] main thread busy for 61ms
⏱️ [hitch] main thread busy for 40ms
⏱️ [hitch] main thread busy for 71ms
⏱️ [hitch] main thread busy for 53ms
⏱️ [hitch] main thread busy for 50ms
⏱️ [hitch] main thread busy for 56ms
⏱️ [hitch] main thread busy for 61ms
⏱️ [hitch] main thread busy for 50ms
⏱️ [hitch] main thread busy for 67ms
⏱️ [hitch] main thread busy for 51ms
⏱️ [hitch] main thread busy for 54ms
⏱️ [hitch] main thread busy for 63ms
⏱️ [hitch] main thread busy for 69ms
⏱️ [hitch] main thread busy for 46ms
⏱️ [hitch] main thread busy for 45ms
⏱️ [hitch] main thread busy for 49ms
⏱️ [hitch] main thread busy for 51ms
⏱️ [hitch] main thread busy for 42ms
⏱️ [hitch] main thread busy for 65ms
⏱️ [hitch] main thread busy for 46ms
⏱️ [hitch] main thread busy for 48ms
⏱️ [hitch] main thread busy for 40ms
⏱️ [hitch] main thread busy for 53ms
⏱️ [hitch] main thread busy for 53ms
⏱️ [hitch] main thread busy for 58ms
⏱️ [hitch] main thread busy for 54ms
⏱️ [hitch] main thread busy for 44ms
⏱️ [hitch] main thread busy for 50ms
⏱️ [hitch] main thread busy for 54ms
⏱️ [hitch] main thread busy for 77ms
⏱️ [hitch] main thread busy for 62ms
⏱️ [hitch] main thread busy for 59ms
⏱️ [hitch] main thread busy for 41ms
⏱️ [hitch] main thread busy for 41ms
⏱️ [hitch] main thread busy for 67ms
⏱️ [hitch] main thread busy for 62ms
⏱️ [hitch] main thread busy for 49ms
⏱️ [hitch] main thread busy for 45ms
⏱️ [hitch] main thread busy for 46ms
⏱️ [hitch] main thread busy for 64ms
⏱️ [hitch] main thread busy for 50ms
⏱️ [hitch] main thread busy for 62ms
⏱️ [hitch] main thread busy for 50ms
⏱️ [hitch] main thread busy for 61ms
⏱️ [hitch] main thread busy for 46ms
⏱️ [hitch] main thread busy for 53ms
⏱️ [hitch] main thread busy for 52ms
⏱️ [hitch] main thread busy for 65ms
⏱️ [hitch] main thread busy for 66ms
⏱️ [hitch] main thread busy for 50ms
⏱️ [hitch] main thread busy for 46ms
⏱️ [hitch] main thread busy for 68ms
⏱️ [hitch] main thread busy for 42ms
⏱️ [hitch] main thread busy for 45ms
⏱️ [hitch] main thread busy for 66ms
⏱️ [hitch] main thread busy for 43ms
⏱️ [hitch] main thread busy for 65ms
⏱️ [hitch] main thread busy for 66ms
⏱️ [hitch] main thread busy for 61ms
⏱️ [hitch] main thread busy for 53ms
⏱️ [hitch] main thread busy for 70ms
⏱️ [hitch] main thread busy for 44ms
⏱️ [hitch] main thread busy for 58ms
⏱️ [hitch] main thread busy for 52ms
⏱️ [hitch] main thread busy for 70ms
⏱️ [hitch] main thread busy for 67ms
⏱️ [hitch] main thread busy for 58ms
⏱️ [hitch] main thread busy for 60ms
⏱️ [hitch] main thread busy for 70ms
⏱️ [hitch] main thread busy for 40ms
⏱️ [hitch] main thread busy for 65ms
⏱️ [hitch] main thread busy for 64ms
⏱️ [hitch] main thread busy for 63ms
⏱️ [hitch] main thread busy for 42ms
⏱️ [hitch] main thread busy for 66ms
⏱️ [hitch] main thread busy for 65ms
⏱️ [hitch] main thread busy for 67ms
⏱️ [hitch] main thread busy for 46ms
⏱️ [hitch] main thread busy for 66ms
⏱️ [hitch] main thread busy for 55ms
⏱️ [hitch] main thread busy for 43ms
⏱️ [hitch] main thread busy for 40ms
⏱️ [hitch] main thread busy for 42ms
⏱️ [hitch] main thread busy for 55ms
⏱️ [hitch] main thread busy for 63ms
⏱️ [hitch] main thread busy for 41ms
⏱️ [hitch] main thread busy for 44ms
⏱️ [hitch] main thread busy for 68ms
⏱️ [hitch] main thread busy for 67ms
⏱️ [hitch] main thread busy for 65ms
⏱️ [hitch] main thread busy for 44ms
⏱️ [hitch] main thread busy for 52ms
⏱️ [hitch] main thread busy for 69ms
⏱️ [hitch] main thread busy for 67ms
⏱️ [hitch] main thread busy for 40ms
⏱️ [hitch] main thread busy for 55ms
⏱️ [hitch] main thread busy for 72ms
⏱️ [hitch] main thread busy for 55ms
⏱️ [hitch] main thread busy for 40ms
⏱️ [hitch] main thread busy for 47ms
⏱️ [hitch] main thread busy for 57ms
⏱️ [hitch] main thread busy for 43ms
⏱️ [hitch] main thread busy for 68ms
⏱️ [hitch] main thread busy for 58ms
⏱️ [hitch] main thread busy for 55ms
⏱️ [hitch] main thread busy for 45ms
⏱️ [hitch] main thread busy for 45ms
⏱️ [hitch] main thread busy for 54ms
⏱️ [hitch] main thread busy for 69ms
⏱️ [hitch] main thread busy for 41ms
⏱️ [hitch] main thread busy for 45ms
⏱️ [hitch] main thread busy for 43ms
⏱️ [hitch] main thread busy for 40ms
⏱️ [hitch] main thread busy for 52ms
⏱️ [hitch] main thread busy for 50ms
⏱️ [hitch] main thread busy for 42ms
⏱️ [hitch] main thread busy for 42ms
⏱️ [hitch] main thread busy for 69ms
⏱️ [hitch] main thread busy for 43ms
⏱️ [hitch] main thread busy for 57ms
⏱️ [hitch] main thread busy for 50ms
⏱️ [hitch] main thread busy for 49ms
⏱️ [hitch] main thread busy for 55ms
⏱️ [hitch] main thread busy for 64ms
⏱️ [hitch] main thread busy for 63ms
⏱️ [hitch] main thread busy for 42ms
⏱️ [hitch] main thread busy for 45ms
⏱️ [hitch] main thread busy for 61ms
⏱️ [hitch] main thread busy for 70ms
⏱️ [hitch] main thread busy for 40ms
⏱️ [hitch] main thread busy for 51ms
⏱️ [hitch] main thread busy for 68ms
⏱️ [hitch] main thread busy for 63ms
⏱️ [hitch] main thread busy for 70ms
⏱️ [hitch] main thread busy for 63ms
⏱️ [hitch] main thread busy for 53ms
⏱️ [hitch] main thread busy for 67ms
⏱️ [hitch] main thread busy for 41ms
⏱️ [hitch] main thread busy for 52ms
⏱️ [hitch] main thread busy for 44ms
⏱️ [hitch] main thread busy for 64ms
⏱️ [hitch] main thread busy for 57ms
⏱️ [hitch] main thread busy for 66ms
⏱️ [hitch] main thread busy for 56ms
⏱️ [hitch] main thread busy for 69ms
⏱️ [hitch] main thread busy for 40ms
⏱️ [hitch] main thread busy for 59ms
⏱️ [hitch] main thread busy for 75ms
⏱️ [hitch] main thread busy for 43ms
⏱️ [hitch] main thread busy for 42ms
⏱️ [hitch] main thread busy for 45ms
⏱️ [hitch] main thread busy for 59ms
⏱️ [hitch] main thread busy for 64ms
⏱️ [hitch] main thread busy for 63ms
⏱️ [hitch] main thread busy for 44ms
⏱️ [hitch] main thread busy for 45ms
⏱️ [hitch] main thread busy for 51ms
⏱️ [hitch] main thread busy for 40ms
⏱️ [hitch] main thread busy for 55ms
⏱️ [hitch] main thread busy for 53ms
⏱️ [hitch] main thread busy for 67ms
⏱️ [hitch] main thread busy for 48ms
⏱️ [hitch] main thread busy for 43ms
⏱️ [hitch] main thread busy for 61ms
⏱️ [hitch] main thread busy for 48ms
⏱️ [hitch] main thread busy for 45ms
⏱️ [hitch] main thread busy for 66ms
⏱️ [hitch] main thread busy for 59ms
⏱️ [hitch] main thread busy for 59ms
⏱️ [hitch] main thread busy for 54ms
⏱️ [hitch] main thread busy for 44ms
⏱️ [hitch] main thread busy for 68ms
⏱️ [hitch] main thread busy for 66ms
⏱️ [hitch] main thread busy for 66ms
⏱️ [hitch] main thread busy for 63ms
⏱️ [hitch] main thread busy for 53ms
⏱️ [hitch] main thread busy for 43ms
⏱️ [hitch] main thread busy for 44ms
⏱️ [hitch] main thread busy for 41ms
⏱️ [hitch] main thread busy for 54ms
⏱️ [hitch] main thread busy for 42ms
⏱️ [hitch] main thread busy for 43ms
⏱️ [hitch] main thread busy for 68ms
⏱️ [hitch] main thread busy for 43ms
⏱️ [hitch] main thread busy for 66ms
⏱️ [hitch] main thread busy for 45ms
⏱️ [hitch] main thread busy for 66ms
⏱️ [hitch] main thread busy for 62ms
⏱️ [hitch] main thread busy for 41ms
⏱️ [hitch] main thread busy for 42ms
⏱️ [hitch] main thread busy for 44ms
⏱️ [hitch] main thread busy for 41ms
⏱️ [hitch] main thread busy for 42ms
⏱️ [hitch] main thread busy for 43ms
⏱️ [hitch] main thread busy for 63ms
⏱️ [hitch] main thread busy for 59ms
⏱️ [hitch] main thread busy for 51ms
⏱️ [hitch] main thread busy for 48ms
⏱️ [hitch] main thread busy for 43ms
⏱️ [hitch] main thread busy for 66ms
⏱️ [hitch] main thread busy for 60ms
⏱️ [hitch] main thread busy for 72ms
⏱️ [hitch] main thread busy for 69ms
⏱️ [hitch] main thread busy for 67ms
⏱️ [hitch] main thread busy for 60ms
⏱️ [hitch] main thread busy for 41ms
⏱️ [hitch] main thread busy for 54ms
⏱️ [hitch] main thread busy for 53ms
⏱️ [hitch] main thread busy for 58ms
⏱️ [hitch] main thread busy for 53ms
⏱️ [hitch] main thread busy for 41ms
⏱️ [hitch] main thread busy for 62ms
⏱️ [hitch] main thread busy for 62ms
⏱️ [hitch] main thread busy for 68ms
⏱️ [hitch] main thread busy for 40ms
⏱️ [hitch] main thread busy for 48ms
⏱️ [hitch] main thread busy for 62ms
⏱️ [hitch] main thread busy for 61ms
⏱️ [hitch] main thread busy for 63ms
⏱️ [hitch] main thread busy for 62ms
⏱️ [hitch] main thread busy for 40ms
⏱️ [hitch] main thread busy for 69ms
⏱️ [hitch] main thread busy for 46ms
⏱️ [hitch] main thread busy for 46ms
⏱️ [hitch] main thread busy for 48ms
⏱️ [hitch] main thread busy for 65ms
⏱️ [hitch] main thread busy for 64ms
⏱️ [hitch] main thread busy for 58ms
⏱️ [hitch] main thread busy for 64ms
⏱️ [hitch] main thread busy for 51ms
⏱️ [hitch] main thread busy for 63ms
⏱️ [hitch] main thread busy for 51ms
⏱️ [hitch] main thread busy for 64ms
⏱️ [hitch] main thread busy for 61ms
⏱️ [hitch] main thread busy for 47ms
⏱️ [hitch] main thread busy for 41ms
⏱️ [hitch] main thread busy for 70ms
⏱️ [hitch] main thread busy for 57ms
⏱️ [hitch] main thread busy for 40ms
⏱️ [hitch] main thread busy for 66ms
⏱️ [hitch] main thread busy for 49ms
⏱️ [hitch] main thread busy for 58ms
⏱️ [hitch] main thread busy for 47ms
⏱️ [hitch] main thread busy for 45ms
⏱️ [hitch] main thread busy for 63ms
⏱️ [hitch] main thread busy for 49ms
⏱️ [hitch] main thread busy for 59ms
⏱️ [hitch] main thread busy for 50ms
⏱️ [hitch] main thread busy for 42ms
⏱️ [hitch] main thread busy for 56ms
⏱️ [hitch] main thread busy for 43ms
⏱️ [hitch] main thread busy for 62ms
⏱️ [hitch] main thread busy for 51ms
⏱️ [hitch] main thread busy for 63ms
⏱️ [hitch] main thread busy for 64ms
⏱️ [hitch] main thread busy for 67ms
⏱️ [hitch] main thread busy for 59ms
⏱️ [hitch] main thread busy for 45ms
⏱️ [hitch] main thread busy for 58ms
⏱️ [hitch] main thread busy for 66ms
⏱️ [hitch] main thread busy for 42ms
⏱️ [hitch] main thread busy for 49ms
⏱️ [hitch] main thread busy for 57ms
⏱️ [hitch] main thread busy for 60ms
⏱️ [hitch] main thread busy for 50ms
⏱️ [hitch] main thread busy for 49ms
⏱️ [hitch] main thread busy for 52ms
⏱️ [hitch] main thread busy for 56ms
⏱️ [hitch] main thread busy for 63ms
⏱️ [hitch] main thread busy for 44ms
⏱️ [hitch] main thread busy for 45ms
⏱️ [hitch] main thread busy for 56ms
⏱️ [hitch] main thread busy for 41ms
⏱️ [hitch] main thread busy for 48ms
⏱️ [hitch] main thread busy for 58ms
⏱️ [hitch] main thread busy for 41ms
⏱️ [hitch] main thread busy for 50ms
⏱️ [hitch] main thread busy for 43ms
⏱️ [hitch] main thread busy for 41ms
⏱️ [hitch] main thread busy for 51ms
⏱️ [hitch] main thread busy for 63ms
⏱️ [hitch] main thread busy for 65ms
⏱️ [hitch] main thread busy for 65ms
⏱️ [hitch] main thread busy for 65ms
⏱️ [hitch] main thread busy for 61ms
⏱️ [hitch] main thread busy for 56ms
⏱️ [hitch] main thread busy for 41ms
⏱️ [hitch] main thread busy for 49ms
⏱️ [hitch] main thread busy for 59ms
⏱️ [hitch] main thread busy for 50ms
⏱️ [hitch] main thread busy for 61ms
⏱️ [hitch] main thread busy for 67ms
⏱️ [hitch] main thread busy for 68ms
⏱️ [hitch] main thread busy for 41ms
⏱️ [hitch] main thread busy for 66ms
⏱️ [hitch] main thread busy for 66ms
⏱️ [hitch] main thread busy for 45ms
⏱️ [hitch] main thread busy for 51ms
⏱️ [hitch] main thread busy for 50ms
⏱️ [hitch] main thread busy for 45ms
⏱️ [hitch] main thread busy for 64ms
⏱️ [hitch] main thread busy for 46ms
⏱️ [hitch] main thread busy for 50ms
⏱️ [hitch] main thread busy for 53ms
⏱️ [hitch] main thread busy for 46ms
⏱️ [hitch] main thread busy for 52ms
⏱️ [hitch] main thread busy for 53ms
⏱️ [hitch] main thread busy for 64ms
⏱️ [hitch] main thread busy for 45ms
⏱️ [hitch] main thread busy for 57ms
⏱️ [hitch] main thread busy for 67ms
⏱️ [hitch] main thread busy for 59ms
⏱️ [hitch] main thread busy for 42ms
⏱️ [hitch] main thread busy for 55ms
⏱️ [hitch] main thread busy for 44ms
⏱️ [hitch] main thread busy for 41ms
⏱️ [hitch] main thread busy for 65ms
⏱️ [hitch] main thread busy for 55ms
⏱️ [hitch] main thread busy for 52ms
⏱️ [hitch] main thread busy for 57ms
⏱️ [hitch] main thread busy for 44ms
⏱️ [hitch] main thread busy for 54ms
⏱️ [hitch] main thread busy for 46ms
⏱️ [hitch] main thread busy for 43ms
⏱️ [hitch] main thread busy for 60ms
⏱️ [hitch] main thread busy for 48ms
⏱️ [hitch] main thread busy for 52ms
⏱️ [hitch] main thread busy for 44ms
⏱️ [hitch] main thread busy for 55ms
⏱️ [hitch] main thread busy for 49ms
⏱️ [hitch] main thread busy for 44ms
⏱️ [hitch] main thread busy for 43ms
⏱️ [hitch] main thread busy for 63ms
⏱️ [hitch] main thread busy for 49ms
⏱️ [hitch] main thread busy for 46ms
⏱️ [hitch] main thread busy for 49ms
⏱️ [hitch] main thread busy for 40ms
⏱️ [hitch] main thread busy for 46ms
⏱️ [hitch] main thread busy for 48ms
⏱️ [hitch] main thread busy for 53ms
⏱️ [hitch] main thread busy for 47ms
⏱️ [hitch] main thread busy for 64ms
⏱️ [hitch] main thread busy for 46ms
⏱️ [hitch] main thread busy for 45ms
⏱️ [hitch] main thread busy for 56ms
⏱️ [hitch] main thread busy for 47ms
⏱️ [hitch] main thread busy for 68ms
⏱️ [hitch] main thread busy for 62ms
⏱️ [hitch] main thread busy for 46ms
⏱️ [hitch] main thread busy for 53ms
⏱️ [hitch] main thread busy for 50ms
⏱️ [hitch] main thread busy for 58ms
⏱️ [hitch] main thread busy for 43ms
⏱️ [hitch] main thread busy for 70ms
⏱️ [hitch] main thread busy for 48ms
⏱️ [hitch] main thread busy for 68ms
⏱️ [hitch] main thread busy for 54ms
⏱️ [hitch] main thread busy for 63ms
⏱️ [hitch] main thread busy for 42ms
⏱️ [hitch] main thread busy for 44ms
⏱️ [hitch] main thread busy for 67ms
⏱️ [hitch] main thread busy for 59ms
⏱️ [hitch] main thread busy for 72ms
⏱️ [hitch] main thread busy for 55ms
⏱️ [hitch] main thread busy for 43ms
⏱️ [hitch] main thread busy for 63ms
⏱️ [hitch] main thread busy for 68ms
⏱️ [hitch] main thread busy for 63ms
⏱️ [hitch] main thread busy for 50ms
⏱️ [hitch] main thread busy for 60ms
⏱️ [hitch] main thread busy for 51ms
⏱️ [hitch] main thread busy for 61ms
⏱️ [hitch] main thread busy for 52ms
⏱️ [hitch] main thread busy for 62ms
⏱️ [hitch] main thread busy for 66ms
⏱️ [hitch] main thread busy for 53ms
⏱️ [hitch] main thread busy for 47ms
⏱️ [hitch] main thread busy for 46ms
⏱️ [hitch] main thread busy for 48ms
⏱️ [hitch] main thread busy for 45ms
⏱️ [hitch] main thread busy for 46ms
⏱️ [hitch] main thread busy for 65ms
⏱️ [hitch] main thread busy for 66ms
⏱️ [hitch] main thread busy for 56ms
⏱️ [hitch] main thread busy for 62ms
⏱️ [hitch] main thread busy for 67ms
⏱️ [hitch] main thread busy for 63ms
⏱️ [hitch] main thread busy for 49ms
⏱️ [hitch] main thread busy for 42ms
⏱️ [hitch] main thread busy for 57ms
⏱️ [hitch] main thread busy for 55ms
⏱️ [hitch] main thread busy for 44ms
⏱️ [hitch] main thread busy for 49ms
⏱️ [hitch] main thread busy for 51ms
⏱️ [hitch] main thread busy for 49ms
⏱️ [hitch] main thread busy for 58ms
⏱️ [hitch] main thread busy for 54ms
⏱️ [hitch] main thread busy for 67ms
⏱️ [hitch] main thread busy for 65ms
⏱️ [hitch] main thread busy for 61ms
⏱️ [hitch] main thread busy for 62ms
⏱️ [hitch] main thread busy for 46ms
⏱️ [hitch] main thread busy for 49ms
⏱️ [hitch] main thread busy for 43ms
⏱️ [hitch] main thread busy for 42ms
⏱️ [hitch] main thread busy for 41ms
⏱️ [hitch] main thread busy for 57ms
⏱️ [hitch] main thread busy for 51ms
⏱️ [hitch] main thread busy for 43ms
⏱️ [hitch] main thread busy for 43ms
⏱️ [hitch] main thread busy for 40ms
⏱️ [hitch] main thread busy for 46ms
⏱️ [hitch] main thread busy for 53ms
⏱️ [hitch] main thread busy for 40ms
⏱️ [hitch] main thread busy for 43ms
⏱️ [hitch] main thread busy for 61ms
⏱️ [hitch] main thread busy for 47ms
⏱️ [hitch] main thread busy for 57ms
⏱️ [hitch] main thread busy for 41ms
⏱️ [hitch] main thread busy for 65ms
⏱️ [hitch] main thread busy for 58ms
⏱️ [hitch] main thread busy for 75ms
⏱️ [hitch] main thread busy for 57ms
⏱️ [hitch] main thread busy for 58ms
⏱️ [hitch] main thread busy for 41ms
⏱️ [hitch] main thread busy for 71ms
⏱️ [hitch] main thread busy for 42ms
⏱️ [hitch] main thread busy for 52ms
⏱️ [hitch] main thread busy for 44ms
⏱️ [hitch] main thread busy for 67ms
⏱️ [hitch] main thread busy for 62ms
⏱️ [hitch] main thread busy for 71ms
⏱️ [hitch] main thread busy for 63ms
⏱️ [hitch] main thread busy for 60ms
⏱️ [hitch] main thread busy for 72ms
⏱️ [hitch] main thread busy for 52ms
⏱️ [hitch] main thread busy for 60ms
⏱️ [hitch] main thread busy for 41ms
⏱️ [hitch] main thread busy for 50ms
⏱️ [hitch] main thread busy for 63ms
⏱️ [hitch] main thread busy for 66ms
⏱️ [hitch] main thread busy for 42ms
⏱️ [hitch] main thread busy for 58ms
⏱️ [hitch] main thread busy for 58ms
⏱️ [hitch] main thread busy for 53ms
⏱️ [hitch] main thread busy for 51ms
⏱️ [hitch] main thread busy for 43ms
⏱️ [hitch] main thread busy for 55ms
⏱️ [hitch] main thread busy for 65ms
⏱️ [hitch] main thread busy for 54ms
⏱️ [hitch] main thread busy for 70ms
⏱️ [hitch] main thread busy for 47ms
⏱️ [hitch] main thread busy for 67ms
⏱️ [hitch] main thread busy for 41ms
⏱️ [hitch] main thread busy for 52ms
⏱️ [hitch] main thread busy for 63ms
⏱️ [hitch] main thread busy for 58ms
⏱️ [hitch] main thread busy for 48ms
⏱️ [hitch] main thread busy for 62ms
⏱️ [hitch] main thread busy for 55ms
⏱️ [hitch] main thread busy for 66ms
⏱️ [hitch] main thread busy for 41ms
⏱️ [hitch] main thread busy for 51ms
⏱️ [hitch] main thread busy for 42ms
⏱️ [hitch] main thread busy for 55ms
⏱️ [hitch] main thread busy for 43ms
⏱️ [hitch] main thread busy for 40ms
⏱️ [hitch] main thread busy for 48ms
⏱️ [hitch] main thread busy for 48ms
⏱️ [hitch] main thread busy for 40ms
⏱️ [hitch] main thread busy for 50ms
⏱️ [hitch] main thread busy for 51ms
⏱️ [hitch] main thread busy for 63ms
⏱️ [hitch] main thread busy for 50ms
⏱️ [hitch] main thread busy for 56ms
⏱️ [hitch] main thread busy for 42ms
⏱️ [hitch] main thread busy for 59ms
⏱️ [hitch] main thread busy for 40ms
⏱️ [hitch] main thread busy for 40ms
⏱️ [hitch] main thread busy for 41ms
⏱️ [hitch] main thread busy for 48ms
⏱️ [hitch] main thread busy for 43ms
⏱️ [hitch] main thread busy for 40ms
⏱️ [hitch] main thread busy for 41ms
⏱️ [hitch] main thread busy for 40ms
⏱️ [hitch] main thread busy for 45ms
⏱️ [hitch] main thread busy for 40ms
⏱️ [hitch] main thread busy for 40ms
⏱️ [hitch] main thread busy for 43ms
⏱️ [hitch] main thread busy for 42ms
⏱️ [hitch] main thread busy for 41ms
⏱️ [hitch] main thread busy for 43ms
⏱️ [hitch] main thread busy for 53ms
⏱️ [hitch] main thread busy for 41ms
⏱️ [hitch] main thread busy for 43ms
⏱️ [hitch] main thread busy for 40ms
⏱️ [hitch] main thread busy for 40ms
⏱️ [hitch] main thread busy for 43ms
⏱️ [hitch] main thread busy for 43ms
⏱️ [hitch] main thread busy for 45ms
⏱️ [hitch] main thread busy for 41ms
⏱️ [hitch] main thread busy for 48ms
⏱️ [hitch] main thread busy for 42ms
⏱️ [hitch] main thread busy for 43ms
⏱️ [hitch] main thread busy for 43ms
⏱️ [hitch] main thread busy for 44ms
⏱️ [hitch] main thread busy for 43ms
⏱️ [hitch] main thread busy for 58ms
⏱️ [hitch] main thread busy for 47ms
⏱️ [hitch] main thread busy for 54ms
⏱️ [hitch] main thread busy for 42ms
⏱️ [hitch] main thread busy for 64ms
⏱️ [hitch] main thread busy for 63ms
⏱️ [hitch] main thread busy for 69ms
⏱️ [hitch] main thread busy for 44ms
⏱️ [hitch] main thread busy for 42ms
⏱️ [hitch] main thread busy for 65ms
⏱️ [hitch] main thread busy for 44ms
⏱️ [hitch] main thread busy for 70ms
⏱️ [hitch] main thread busy for 69ms
⏱️ [hitch] main thread busy for 42ms
⏱️ [hitch] main thread busy for 60ms
⏱️ [hitch] main thread busy for 41ms
⏱️ [hitch] main thread busy for 62ms
⏱️ [hitch] main thread busy for 64ms
⏱️ [hitch] main thread busy for 76ms
⏱️ [hitch] main thread busy for 42ms
⏱️ [hitch] main thread busy for 63ms
⏱️ [hitch] main thread busy for 42ms
⏱️ [hitch] main thread busy for 43ms
⏱️ [hitch] main thread busy for 66ms
⏱️ [hitch] main thread busy for 66ms
⏱️ [hitch] main thread busy for 63ms
⏱️ [hitch] main thread busy for 44ms
⏱️ [hitch] main thread busy for 53ms
⏱️ [hitch] main thread busy for 62ms
⏱️ [hitch] main thread busy for 41ms
⏱️ [hitch] main thread busy for 46ms
⏱️ [hitch] main thread busy for 54ms
⏱️ [hitch] main thread busy for 41ms
⏱️ [hitch] main thread busy for 49ms
⏱️ [hitch] main thread busy for 41ms
⏱️ [hitch] main thread busy for 55ms
⏱️ [hitch] main thread busy for 51ms
⏱️ [hitch] main thread busy for 40ms
⏱️ [hitch] main thread busy for 41ms
⏱️ [hitch] main thread busy for 54ms
⏱️ [hitch] main thread busy for 59ms
⏱️ [hitch] main thread busy for 58ms
⏱️ [hitch] main thread busy for 41ms
⏱️ [hitch] main thread busy for 60ms
⏱️ [hitch] main thread busy for 71ms
⏱️ [hitch] main thread busy for 51ms
⏱️ [hitch] main thread busy for 66ms
⏱️ [hitch] main thread busy for 40ms
⏱️ [hitch] main thread busy for 43ms
⏱️ [hitch] main thread busy for 58ms
⏱️ [hitch] main thread busy for 40ms
⏱️ [hitch] main thread busy for 61ms
⏱️ [hitch] main thread busy for 41ms
⏱️ [hitch] main thread busy for 68ms
⏱️ [hitch] main thread busy for 67ms
⏱️ [hitch] main thread busy for 42ms
⏱️ [hitch] main thread busy for 65ms
⏱️ [hitch] main thread busy for 40ms
⏱️ [hitch] main thread busy for 44ms
⏱️ [hitch] main thread busy for 67ms
⏱️ [hitch] main thread busy for 40ms
⏱️ [hitch] main thread busy for 40ms
⏱️ [hitch] main thread busy for 69ms
⏱️ [hitch] main thread busy for 46ms
⏱️ [hitch] main thread busy for 44ms
⏱️ [hitch] main thread busy for 40ms
⏱️ [hitch] main thread busy for 68ms
⏱️ [hitch] main thread busy for 40ms
⏱️ [hitch] main thread busy for 43ms
⏱️ [hitch] main thread busy for 50ms
⏱️ [hitch] main thread busy for 59ms
⏱️ [hitch] main thread busy for 68ms
⏱️ [hitch] main thread busy for 58ms
⏱️ [hitch] main thread busy for 41ms
⏱️ [hitch] main thread busy for 56ms
⏱️ [hitch] main thread busy for 42ms
⏱️ [hitch] main thread busy for 49ms
⏱️ [hitch] main thread busy for 66ms
⏱️ [hitch] main thread busy for 57ms
⏱️ [hitch] main thread busy for 42ms
⏱️ [hitch] main thread busy for 71ms
⏱️ [hitch] main thread busy for 73ms
⏱️ [hitch] main thread busy for 40ms
⏱️ [hitch] main thread busy for 41ms
⏱️ [hitch] main thread busy for 46ms
⏱️ [hitch] main thread busy for 44ms
⏱️ [hitch] main thread busy for 64ms
⏱️ [hitch] main thread busy for 59ms
⏱️ [hitch] main thread busy for 42ms
⏱️ [hitch] main thread busy for 42ms
⏱️ [hitch] main thread busy for 47ms
⏱️ [hitch] main thread busy for 66ms
⏱️ [hitch] main thread busy for 44ms
⏱️ [hitch] main thread busy for 42ms
⏱️ [hitch] main thread busy for 43ms
⏱️ [hitch] main thread busy for 43ms
⏱️ [hitch] main thread busy for 40ms
⏱️ [hitch] main thread busy for 60ms
⏱️ [hitch] main thread busy for 64ms
⏱️ [hitch] main thread busy for 66ms
⏱️ [hitch] main thread busy for 68ms
⏱️ [hitch] main thread busy for 64ms
⏱️ [hitch] main thread busy for 50ms
⏱️ [hitch] main thread busy for 40ms
⏱️ [hitch] main thread busy for 61ms
⏱️ [hitch] main thread busy for 70ms
⏱️ [hitch] main thread busy for 65ms
⏱️ [hitch] main thread busy for 40ms
⏱️ [hitch] main thread busy for 45ms
⏱️ [hitch] main thread busy for 58ms
⏱️ [hitch] main thread busy for 42ms
⏱️ [hitch] main thread busy for 42ms
⏱️ [hitch] main thread busy for 42ms
⏱️ [hitch] main thread busy for 68ms
⏱️ [hitch] main thread busy for 45ms
⏱️ [hitch] main thread busy for 44ms
⏱️ [hitch] main thread busy for 52ms
⏱️ [hitch] main thread busy for 54ms
⏱️ [hitch] main thread busy for 41ms
⏱️ [hitch] main thread busy for 66ms
⏱️ [hitch] main thread busy for 44ms
⏱️ [hitch] main thread busy for 52ms
⏱️ [hitch] main thread busy for 50ms
⏱️ [hitch] main thread busy for 57ms
⏱️ [hitch] main thread busy for 42ms
⏱️ [hitch] main thread busy for 54ms
⏱️ [hitch] main thread busy for 59ms
⏱️ [hitch] main thread busy for 52ms
⏱️ [hitch] main thread busy for 58ms
⏱️ [hitch] main thread busy for 65ms
⏱️ [hitch] main thread busy for 40ms
⏱️ [hitch] main thread busy for 57ms
⏱️ [hitch] main thread busy for 51ms
⏱️ [hitch] main thread busy for 51ms
⏱️ [hitch] main thread busy for 42ms
⏱️ [hitch] main thread busy for 61ms
⏱️ [hitch] main thread busy for 70ms
⏱️ [hitch] main thread busy for 67ms
⏱️ [hitch] main thread busy for 67ms
⏱️ [hitch] main thread busy for 74ms
⏱️ [hitch] main thread busy for 45ms
⏱️ [hitch] main thread busy for 50ms
⏱️ [hitch] main thread busy for 62ms
⏱️ [hitch] main thread busy for 42ms
⏱️ [hitch] main thread busy for 53ms
⏱️ [hitch] main thread busy for 58ms
⏱️ [hitch] main thread busy for 54ms
⏱️ [hitch] main thread busy for 67ms
⏱️ [hitch] main thread busy for 55ms
⏱️ [hitch] main thread busy for 43ms
⏱️ [hitch] main thread busy for 56ms
⏱️ [hitch] main thread busy for 57ms
⏱️ [hitch] main thread busy for 51ms
⏱️ [hitch] main thread busy for 55ms
⏱️ [hitch] main thread busy for 52ms
⏱️ [hitch] main thread busy for 44ms
⏱️ [hitch] main thread busy for 63ms
⏱️ [hitch] main thread busy for 48ms
⏱️ [hitch] main thread busy for 48ms
⏱️ [hitch] main thread busy for 41ms
⏱️ [hitch] main thread busy for 42ms
⏱️ [hitch] main thread busy for 67ms
⏱️ [hitch] main thread busy for 65ms
⏱️ [hitch] main thread busy for 45ms
⏱️ [hitch] main thread busy for 50ms
⏱️ [hitch] main thread busy for 62ms
⏱️ [hitch] main thread busy for 58ms
⏱️ [hitch] main thread busy for 43ms
⏱️ [hitch] main thread busy for 41ms
⏱️ [hitch] main thread busy for 40ms
⏱️ [hitch] main thread busy for 41ms
⏱️ [hitch] main thread busy for 51ms
⏱️ [hitch] main thread busy for 45ms
⏱️ [hitch] main thread busy for 64ms
⏱️ [hitch] main thread busy for 41ms
⏱️ [hitch] main thread busy for 62ms
⏱️ [hitch] main thread busy for 67ms
⏱️ [hitch] main thread busy for 41ms
⏱️ [hitch] main thread busy for 49ms
⏱️ [hitch] main thread busy for 74ms
⏱️ [hitch] main thread busy for 48ms
⏱️ [hitch] main thread busy for 41ms
⏱️ [hitch] main thread busy for 41ms
⏱️ [hitch] main thread busy for 66ms
⏱️ [hitch] main thread busy for 41ms
⏱️ [hitch] main thread busy for 45ms
⏱️ [hitch] main thread busy for 52ms
⏱️ [hitch] main thread busy for 53ms
⏱️ [hitch] main thread busy for 44ms
⏱️ [hitch] main thread busy for 55ms
⏱️ [hitch] main thread busy for 44ms
⏱️ [hitch] main thread busy for 64ms
⏱️ [hitch] main thread busy for 53ms
⏱️ [hitch] main thread busy for 48ms
⏱️ [hitch] main thread busy for 45ms
⏱️ [hitch] main thread busy for 54ms
⏱️ [hitch] main thread busy for 44ms
⏱️ [hitch] main thread busy for 65ms
⏱️ [hitch] main thread busy for 43ms
⏱️ [hitch] main thread busy for 41ms
⏱️ [hitch] main thread busy for 54ms
⏱️ [hitch] main thread busy for 53ms
⏱️ [hitch] main thread busy for 65ms
⏱️ [hitch] main thread busy for 44ms
⏱️ [hitch] main thread busy for 64ms
⏱️ [hitch] main thread busy for 41ms
⏱️ [hitch] main thread busy for 41ms
⏱️ [hitch] main thread busy for 63ms
⏱️ [hitch] main thread busy for 46ms
⏱️ [hitch] main thread busy for 62ms
⏱️ [hitch] main thread busy for 52ms
⏱️ [hitch] main thread busy for 54ms
⏱️ [hitch] main thread busy for 47ms
⏱️ [hitch] main thread busy for 67ms
⏱️ [hitch] main thread busy for 59ms
⏱️ [hitch] main thread busy for 57ms
⏱️ [hitch] main thread busy for 66ms
⏱️ [hitch] main thread busy for 40ms
⏱️ [hitch] main thread busy for 64ms
⏱️ [hitch] main thread busy for 40ms
⏱️ [hitch] main thread busy for 43ms
⏱️ [hitch] main thread busy for 57ms
⏱️ [hitch] main thread busy for 58ms
⏱️ [hitch] main thread busy for 40ms
⏱️ [hitch] main thread busy for 41ms
⏱️ [hitch] main thread busy for 48ms
⏱️ [hitch] main thread busy for 42ms
⏱️ [hitch] main thread busy for 63ms
⏱️ [hitch] main thread busy for 51ms
⏱️ [hitch] main thread busy for 41ms
⏱️ [hitch] main thread busy for 63ms
⏱️ [hitch] main thread busy for 41ms
⏱️ [hitch] main thread busy for 56ms
⏱️ [hitch] main thread busy for 70ms
⏱️ [hitch] main thread busy for 57ms
⏱️ [hitch] main thread busy for 57ms
⏱️ [hitch] main thread busy for 41ms
⏱️ [hitch] main thread busy for 50ms
⏱️ [hitch] main thread busy for 59ms
⏱️ [hitch] main thread busy for 65ms
⏱️ [hitch] main thread busy for 41ms
⏱️ [hitch] main thread busy for 43ms
⏱️ [hitch] main thread busy for 68ms
⏱️ [hitch] main thread busy for 60ms
⏱️ [hitch] main thread busy for 48ms
⏱️ [hitch] main thread busy for 63ms
⏱️ [hitch] main thread busy for 65ms
⏱️ [hitch] main thread busy for 68ms
⏱️ [hitch] main thread busy for 64ms
⏱️ [hitch] main thread busy for 41ms
⏱️ [hitch] main thread busy for 66ms
⏱️ [hitch] main thread busy for 53ms
⏱️ [hitch] main thread busy for 54ms
⏱️ [hitch] main thread busy for 42ms
⏱️ [hitch] main thread busy for 49ms
⏱️ [hitch] main thread busy for 53ms
⏱️ [hitch] main thread busy for 57ms
⏱️ [hitch] main thread busy for 66ms
⏱️ [hitch] main thread busy for 41ms
⏱️ [hitch] main thread busy for 52ms
⏱️ [hitch] main thread busy for 46ms
⏱️ [hitch] main thread busy for 45ms
⏱️ [hitch] main thread busy for 67ms
⏱️ [hitch] main thread busy for 64ms
⏱️ [hitch] main thread busy for 60ms
⏱️ [hitch] main thread busy for 52ms
⏱️ [hitch] main thread busy for 51ms
⏱️ [hitch] main thread busy for 69ms
⏱️ [hitch] main thread busy for 66ms
⏱️ [hitch] main thread busy for 63ms
⏱️ [hitch] main thread busy for 40ms
⏱️ [hitch] main thread busy for 65ms
⏱️ [hitch] main thread busy for 48ms
⏱️ [hitch] main thread busy for 69ms
⏱️ [hitch] main thread busy for 67ms
⏱️ [hitch] main thread busy for 51ms
⏱️ [hitch] main thread busy for 51ms
⏱️ [hitch] main thread busy for 54ms
⏱️ [hitch] main thread busy for 61ms
⏱️ [hitch] main thread busy for 70ms
⏱️ [hitch] main thread busy for 56ms
⏱️ [hitch] main thread busy for 66ms
⏱️ [hitch] main thread busy for 58ms
⏱️ [hitch] main thread busy for 46ms
⏱️ [hitch] main thread busy for 68ms
⏱️ [hitch] main thread busy for 43ms
⏱️ [hitch] main thread busy for 70ms
⏱️ [hitch] main thread busy for 53ms
⏱️ [hitch] main thread busy for 72ms
⏱️ [hitch] main thread busy for 55ms
⏱️ [hitch] main thread busy for 46ms
⏱️ [hitch] main thread busy for 75ms
⏱️ [hitch] main thread busy for 54ms
⏱️ [hitch] main thread busy for 45ms
⏱️ [hitch] main thread busy for 54ms
⏱️ [hitch] main thread busy for 47ms
⏱️ [hitch] main thread busy for 47ms
⏱️ [hitch] main thread busy for 57ms
⏱️ [hitch] main thread busy for 64ms
⏱️ [hitch] main thread busy for 52ms
⏱️ [hitch] main thread busy for 62ms
⏱️ [hitch] main thread busy for 42ms
⏱️ [hitch] main thread busy for 73ms
⏱️ [hitch] main thread busy for 46ms
⏱️ [hitch] main thread busy for 41ms
⏱️ [hitch] main thread busy for 44ms
⏱️ [hitch] main thread busy for 68ms
⏱️ [hitch] main thread busy for 72ms
⏱️ [hitch] main thread busy for 53ms
⏱️ [hitch] main thread busy for 44ms
⏱️ [hitch] main thread busy for 50ms
⏱️ [hitch] main thread busy for 42ms
⏱️ [hitch] main thread busy for 43ms
⏱️ [hitch] main thread busy for 41ms
⏱️ [hitch] main thread busy for 46ms
⏱️ [hitch] main thread busy for 59ms
⏱️ [hitch] main thread busy for 43ms
⏱️ [hitch] main thread busy for 53ms
⏱️ [hitch] main thread busy for 62ms
⏱️ [hitch] main thread busy for 61ms
⏱️ [hitch] main thread busy for 42ms
⏱️ [hitch] main thread busy for 40ms
⏱️ [hitch] main thread busy for 54ms
⏱️ [hitch] main thread busy for 43ms
⏱️ [hitch] main thread busy for 43ms
⏱️ [hitch] main thread busy for 54ms
⏱️ [hitch] main thread busy for 52ms
⏱️ [hitch] main thread busy for 61ms
⏱️ [hitch] main thread busy for 59ms
⏱️ [hitch] main thread busy for 63ms
⏱️ [hitch] main thread busy for 62ms
⏱️ [hitch] main thread busy for 42ms
⏱️ [hitch] main thread busy for 68ms
⏱️ [hitch] main thread busy for 41ms
⏱️ [hitch] main thread busy for 62ms
⏱️ [hitch] main thread busy for 50ms
⏱️ [hitch] main thread busy for 61ms
⏱️ [hitch] main thread busy for 50ms
⏱️ [hitch] main thread busy for 70ms
⏱️ [hitch] main thread busy for 58ms
⏱️ [hitch] main thread busy for 46ms
⏱️ [hitch] main thread busy for 40ms
⏱️ [hitch] main thread busy for 52ms
⏱️ [hitch] main thread busy for 56ms
⏱️ [hitch] main thread busy for 70ms
⏱️ [hitch] main thread busy for 59ms
⏱️ [hitch] main thread busy for 48ms
⏱️ [hitch] main thread busy for 42ms
⏱️ [hitch] main thread busy for 77ms
⏱️ [hitch] main thread busy for 49ms
⏱️ [hitch] main thread busy for 62ms
⏱️ [hitch] main thread busy for 41ms
⏱️ [hitch] main thread busy for 56ms
⏱️ [hitch] main thread busy for 41ms
⏱️ [hitch] main thread busy for 65ms
⏱️ [hitch] main thread busy for 81ms
⏱️ [hitch] main thread busy for 67ms
⏱️ [hitch] main thread busy for 46ms
⏱️ [hitch] main thread busy for 50ms
⏱️ [hitch] main thread busy for 44ms
⏱️ [hitch] main thread busy for 69ms
⏱️ [hitch] main thread busy for 42ms
⏱️ [hitch] main thread busy for 57ms
⏱️ [hitch] main thread busy for 41ms
⏱️ [hitch] main thread busy for 56ms
⏱️ [hitch] main thread busy for 61ms
⏱️ [hitch] main thread busy for 44ms
⏱️ [hitch] main thread busy for 43ms
⏱️ [hitch] main thread busy for 49ms
⏱️ [hitch] main thread busy for 54ms
⏱️ [hitch] main thread busy for 42ms
⏱️ [hitch] main thread busy for 43ms
⏱️ [hitch] main thread busy for 53ms
⏱️ [hitch] main thread busy for 41ms
⏱️ [hitch] main thread busy for 55ms
⏱️ [hitch] main thread busy for 44ms
⏱️ [hitch] main thread busy for 42ms
⏱️ [hitch] main thread busy for 66ms
⏱️ [hitch] main thread busy for 46ms
⏱️ [hitch] main thread busy for 57ms
⏱️ [hitch] main thread busy for 46ms
⏱️ [hitch] main thread busy for 55ms
⏱️ [hitch] main thread busy for 57ms
⏱️ [hitch] main thread busy for 66ms
⏱️ [hitch] main thread busy for 55ms
⏱️ [hitch] main thread busy for 62ms
⏱️ [hitch] main thread busy for 50ms
⏱️ [hitch] main thread busy for 41ms
⏱️ [hitch] main thread busy for 64ms
⏱️ [hitch] main thread busy for 49ms
⏱️ [hitch] main thread busy for 66ms
⏱️ [hitch] main thread busy for 65ms
⏱️ [hitch] main thread busy for 64ms
⏱️ [hitch] main thread busy for 49ms
⏱️ [hitch] main thread busy for 50ms
⏱️ [hitch] main thread busy for 57ms
⏱️ [hitch] main thread busy for 64ms
⏱️ [hitch] main thread busy for 68ms
⏱️ [hitch] main thread busy for 40ms
⏱️ [hitch] main thread busy for 71ms
⏱️ [hitch] main thread busy for 60ms
⏱️ [hitch] main thread busy for 41ms
⏱️ [hitch] main thread busy for 66ms
⏱️ [hitch] main thread busy for 64ms
⏱️ [hitch] main thread busy for 45ms
⏱️ [hitch] main thread busy for 42ms
⏱️ [hitch] main thread busy for 60ms
⏱️ [hitch] main thread busy for 63ms
⏱️ [hitch] main thread busy for 54ms
⏱️ [hitch] main thread busy for 40ms
⏱️ [hitch] main thread busy for 42ms
⏱️ [hitch] main thread busy for 41ms
⏱️ [hitch] main thread busy for 57ms
⏱️ [hitch] main thread busy for 44ms
⏱️ [hitch] main thread busy for 70ms
⏱️ [hitch] main thread busy for 44ms
⏱️ [hitch] main thread busy for 62ms
⏱️ [hitch] main thread busy for 41ms
⏱️ [hitch] main thread busy for 61ms
⏱️ [hitch] main thread busy for 64ms
⏱️ [hitch] main thread busy for 44ms
⏱️ [hitch] main thread busy for 66ms
⏱️ [hitch] main thread busy for 42ms
⏱️ [hitch] main thread busy for 51ms
⏱️ [hitch] main thread busy for 42ms
⏱️ [hitch] main thread busy for 61ms
⏱️ [hitch] main thread busy for 50ms
⏱️ [hitch] main thread busy for 48ms
⏱️ [hitch] main thread busy for 44ms
⏱️ [hitch] main thread busy for 45ms
⏱️ [hitch] main thread busy for 60ms
⏱️ [hitch] main thread busy for 65ms
⏱️ [hitch] main thread busy for 52ms
⏱️ [hitch] main thread busy for 56ms
⏱️ [hitch] main thread busy for 56ms
⏱️ [hitch] main thread busy for 54ms
⏱️ [hitch] main thread busy for 52ms
⏱️ [hitch] main thread busy for 58ms
⏱️ [hitch] main thread busy for 56ms
⏱️ [hitch] main thread busy for 41ms
⏱️ [hitch] main thread busy for 42ms
⏱️ [hitch] main thread busy for 70ms
⏱️ [hitch] main thread busy for 75ms
⏱️ [hitch] main thread busy for 46ms
⏱️ [hitch] main thread busy for 64ms
⏱️ [hitch] main thread busy for 69ms
⏱️ [hitch] main thread busy for 63ms
⏱️ [hitch] main thread busy for 55ms
⏱️ [hitch] main thread busy for 43ms
⏱️ [hitch] main thread busy for 56ms
⏱️ [hitch] main thread busy for 43ms
⏱️ [hitch] main thread busy for 68ms
⏱️ [hitch] main thread busy for 52ms
⏱️ [hitch] main thread busy for 60ms
⏱️ [hitch] main thread busy for 68ms
⏱️ [hitch] main thread busy for 64ms
⏱️ [hitch] main thread busy for 41ms
⏱️ [hitch] main thread busy for 55ms
⏱️ [hitch] main thread busy for 43ms
⏱️ [hitch] main thread busy for 46ms
⏱️ [hitch] main thread busy for 64ms
⏱️ [hitch] main thread busy for 74ms
⏱️ [hitch] main thread busy for 59ms
⏱️ [hitch] main thread busy for 71ms
⏱️ [hitch] main thread busy for 41ms
⏱️ [hitch] main thread busy for 63ms
⏱️ [hitch] main thread busy for 47ms
⏱️ [hitch] main thread busy for 61ms
⏱️ [hitch] main thread busy for 56ms
⏱️ [hitch] main thread busy for 41ms
⏱️ [hitch] main thread busy for 58ms
⏱️ [hitch] main thread busy for 48ms
⏱️ [hitch] main thread busy for 46ms
⏱️ [hitch] main thread busy for 45ms
⏱️ [hitch] main thread busy for 43ms
⏱️ [hitch] main thread busy for 56ms
⏱️ [hitch] main thread busy for 67ms
⏱️ [hitch] main thread busy for 59ms
⏱️ [hitch] main thread busy for 41ms
⏱️ [hitch] main thread busy for 71ms
⏱️ [hitch] main thread busy for 54ms
⏱️ [hitch] main thread busy for 51ms
⏱️ [hitch] main thread busy for 66ms
⏱️ [hitch] main thread busy for 41ms
⏱️ [hitch] main thread busy for 67ms
⏱️ [hitch] main thread busy for 41ms
⏱️ [hitch] main thread busy for 41ms
⏱️ [hitch] main thread busy for 53ms
⏱️ [hitch] main thread busy for 72ms
⏱️ [hitch] main thread busy for 62ms
⏱️ [hitch] main thread busy for 71ms
⏱️ [hitch] main thread busy for 53ms
⏱️ [hitch] main thread busy for 59ms
⏱️ [hitch] main thread busy for 70ms
⏱️ [hitch] main thread busy for 40ms
⏱️ [hitch] main thread busy for 66ms
⏱️ [hitch] main thread busy for 40ms
⏱️ [hitch] main thread busy for 42ms
⏱️ [hitch] main thread busy for 68ms
⏱️ [hitch] main thread busy for 41ms
⏱️ [hitch] main thread busy for 63ms
⏱️ [hitch] main thread busy for 63ms
⏱️ [hitch] main thread busy for 40ms
⏱️ [hitch] main thread busy for 43ms
⏱️ [hitch] main thread busy for 65ms
⏱️ [hitch] main thread busy for 57ms
⏱️ [hitch] main thread busy for 40ms
⏱️ [hitch] main thread busy for 47ms
⏱️ [hitch] main thread busy for 41ms
⏱️ [hitch] main thread busy for 63ms
⏱️ [hitch] main thread busy for 44ms
⏱️ [hitch] main thread busy for 48ms
⏱️ [hitch] main thread busy for 62ms
⏱️ [hitch] main thread busy for 51ms
⏱️ [hitch] main thread busy for 45ms
⏱️ [hitch] main thread busy for 60ms
⏱️ [hitch] main thread busy for 66ms
⏱️ [hitch] main thread busy for 68ms
⏱️ [hitch] main thread busy for 67ms
⏱️ [hitch] main thread busy for 61ms
⏱️ [hitch] main thread busy for 56ms
⏱️ [hitch] main thread busy for 62ms
⏱️ [hitch] main thread busy for 44ms
⏱️ [hitch] main thread busy for 61ms
⏱️ [hitch] main thread busy for 53ms
⏱️ [hitch] main thread busy for 48ms
⏱️ [hitch] main thread busy for 61ms
⏱️ [hitch] main thread busy for 68ms
⏱️ [hitch] main thread busy for 63ms
⏱️ [hitch] main thread busy for 65ms
⏱️ [hitch] main thread busy for 51ms
⏱️ [hitch] main thread busy for 62ms
⏱️ [hitch] main thread busy for 59ms
⏱️ [hitch] main thread busy for 68ms
⏱️ [hitch] main thread busy for 42ms
⏱️ [hitch] main thread busy for 65ms
⏱️ [hitch] main thread busy for 53ms
⏱️ [hitch] main thread busy for 51ms
⏱️ [hitch] main thread busy for 47ms
⏱️ [hitch] main thread busy for 46ms
⏱️ [hitch] main thread busy for 50ms
⏱️ [hitch] main thread busy for 67ms
⏱️ [hitch] main thread busy for 59ms
⏱️ [hitch] main thread busy for 48ms
⏱️ [hitch] main thread busy for 68ms
⏱️ [hitch] main thread busy for 61ms
⏱️ [hitch] main thread busy for 49ms
⏱️ [hitch] main thread busy for 63ms
⏱️ [hitch] main thread busy for 42ms
⏱️ [hitch] main thread busy for 62ms
⏱️ [hitch] main thread busy for 67ms
⏱️ [hitch] main thread busy for 40ms
⏱️ [hitch] main thread busy for 64ms
⏱️ [hitch] main thread busy for 61ms
⏱️ [hitch] main thread busy for 51ms
⏱️ [hitch] main thread busy for 67ms
⏱️ [hitch] main thread busy for 41ms
⏱️ [hitch] main thread busy for 65ms
⏱️ [hitch] main thread busy for 45ms
⏱️ [hitch] main thread busy for 58ms
⏱️ [hitch] main thread busy for 43ms
⏱️ [hitch] main thread busy for 69ms
⏱️ [hitch] main thread busy for 60ms
⏱️ [hitch] main thread busy for 61ms
⏱️ [hitch] main thread busy for 61ms
⏱️ [hitch] main thread busy for 68ms
⏱️ [hitch] main thread busy for 74ms
⏱️ [hitch] main thread busy for 45ms
⏱️ [hitch] main thread busy for 66ms
⏱️ [hitch] main thread busy for 45ms
⏱️ [hitch] main thread busy for 54ms
⏱️ [hitch] main thread busy for 60ms
⏱️ [hitch] main thread busy for 53ms
⏱️ [hitch] main thread busy for 67ms
⏱️ [hitch] main thread busy for 61ms
⏱️ [hitch] main thread busy for 64ms
⏱️ [hitch] main thread busy for 49ms
⏱️ [hitch] main thread busy for 62ms
⏱️ [hitch] main thread busy for 45ms
⏱️ [hitch] main thread busy for 43ms
⏱️ [hitch] main thread busy for 42ms
⏱️ [hitch] main thread busy for 67ms
⏱️ [hitch] main thread busy for 58ms
⏱️ [hitch] main thread busy for 50ms
⏱️ [hitch] main thread busy for 65ms
⏱️ [hitch] main thread busy for 70ms
⏱️ [hitch] main thread busy for 41ms
⏱️ [hitch] main thread busy for 71ms
⏱️ [hitch] main thread busy for 63ms
⏱️ [hitch] main thread busy for 41ms
⏱️ [hitch] main thread busy for 54ms
⏱️ [hitch] main thread busy for 50ms
⏱️ [hitch] main thread busy for 43ms
⏱️ [hitch] main thread busy for 59ms
⏱️ [hitch] main thread busy for 40ms
⏱️ [hitch] main thread busy for 61ms
⏱️ [hitch] main thread busy for 65ms
⏱️ [hitch] main thread busy for 42ms
⏱️ [hitch] main thread busy for 61ms
⏱️ [hitch] main thread busy for 55ms
⏱️ [hitch] main thread busy for 69ms
⏱️ [hitch] main thread busy for 72ms
⏱️ [hitch] main thread busy for 46ms
⏱️ [hitch] main thread busy for 55ms
⏱️ [hitch] main thread busy for 55ms
⏱️ [hitch] main thread busy for 43ms
⏱️ [hitch] main thread busy for 57ms
⏱️ [hitch] main thread busy for 63ms
⏱️ [hitch] main thread busy for 41ms
⏱️ [hitch] main thread busy for 45ms
⏱️ [hitch] main thread busy for 48ms
⏱️ [hitch] main thread busy for 61ms
⏱️ [hitch] main thread busy for 64ms
⏱️ [hitch] main thread busy for 46ms
⏱️ [hitch] main thread busy for 58ms
⏱️ [hitch] main thread busy for 63ms
⏱️ [hitch] main thread busy for 52ms
⏱️ [hitch] main thread busy for 66ms
⏱️ [hitch] main thread busy for 50ms
⏱️ [hitch] main thread busy for 65ms
⏱️ [hitch] main thread busy for 63ms
⏱️ [hitch] main thread busy for 64ms
⏱️ [hitch] main thread busy for 68ms
⏱️ [hitch] main thread busy for 61ms
⏱️ [hitch] main thread busy for 40ms
⏱️ [hitch] main thread busy for 56ms
⏱️ [hitch] main thread busy for 73ms
⏱️ [hitch] main thread busy for 48ms
⏱️ [hitch] main thread busy for 64ms
⏱️ [hitch] main thread busy for 41ms
⏱️ [hitch] main thread busy for 60ms
⏱️ [hitch] main thread busy for 43ms
⏱️ [hitch] main thread busy for 65ms
⏱️ [hitch] main thread busy for 62ms
⏱️ [hitch] main thread busy for 54ms
⏱️ [hitch] main thread busy for 65ms
⏱️ [hitch] main thread busy for 56ms
⏱️ [hitch] main thread busy for 61ms
⏱️ [hitch] main thread busy for 67ms
⏱️ [hitch] main thread busy for 40ms
⏱️ [hitch] main thread busy for 41ms
⏱️ [hitch] main thread busy for 43ms
⏱️ [hitch] main thread busy for 62ms
⏱️ [hitch] main thread busy for 57ms
⏱️ [hitch] main thread busy for 45ms
⏱️ [hitch] main thread busy for 53ms
⏱️ [hitch] main thread busy for 52ms
⏱️ [hitch] main thread busy for 67ms
⏱️ [hitch] main thread busy for 59ms
⏱️ [hitch] main thread busy for 49ms
⏱️ [hitch] main thread busy for 42ms
⏱️ [hitch] main thread busy for 63ms
⏱️ [hitch] main thread busy for 41ms
⏱️ [hitch] main thread busy for 62ms
⏱️ [hitch] main thread busy for 49ms
⏱️ [hitch] main thread busy for 75ms
⏱️ [hitch] main thread busy for 47ms
⏱️ [hitch] main thread busy for 47ms
⏱️ [hitch] main thread busy for 49ms
⏱️ [hitch] main thread busy for 69ms
⏱️ [hitch] main thread busy for 54ms
⏱️ [hitch] main thread busy for 41ms
⏱️ [hitch] main thread busy for 65ms
⏱️ [hitch] main thread busy for 41ms
⏱️ [hitch] main thread busy for 66ms
⏱️ [hitch] main thread busy for 67ms
⏱️ [hitch] main thread busy for 47ms
⏱️ [hitch] main thread busy for 42ms
⏱️ [hitch] main thread busy for 67ms
⏱️ [hitch] main thread busy for 43ms
⏱️ [hitch] main thread busy for 65ms
⏱️ [hitch] main thread busy for 60ms
⏱️ [hitch] main thread busy for 63ms
⏱️ [hitch] main thread busy for 66ms
⏱️ [hitch] main thread busy for 66ms
⏱️ [hitch] main thread busy for 67ms
⏱️ [hitch] main thread busy for 62ms
⏱️ [hitch] main thread busy for 42ms
⏱️ [hitch] main thread busy for 44ms
⏱️ [hitch] main thread busy for 40ms
⏱️ [hitch] main thread busy for 61ms
⏱️ [hitch] main thread busy for 47ms
⏱️ [hitch] main thread busy for 49ms
⏱️ [hitch] main thread busy for 65ms
⏱️ [hitch] main thread busy for 40ms
⏱️ [hitch] main thread busy for 72ms
⏱️ [hitch] main thread busy for 54ms
⏱️ [hitch] main thread busy for 54ms
⏱️ [hitch] main thread busy for 41ms
⏱️ [hitch] main thread busy for 62ms
⏱️ [hitch] main thread busy for 45ms
⏱️ [hitch] main thread busy for 62ms
⏱️ [hitch] main thread busy for 59ms
⏱️ [hitch] main thread busy for 55ms
⏱️ [hitch] main thread busy for 58ms
⏱️ [hitch] main thread busy for 40ms
⏱️ [hitch] main thread busy for 40ms
⏱️ [hitch] main thread busy for 52ms
⏱️ [hitch] main thread busy for 51ms
⏱️ [hitch] main thread busy for 66ms
⏱️ [hitch] main thread busy for 69ms
⏱️ [hitch] main thread busy for 47ms
⏱️ [hitch] main thread busy for 50ms
⏱️ [hitch] main thread busy for 53ms
⏱️ [hitch] main thread busy for 49ms
⏱️ [hitch] main thread busy for 44ms
⏱️ [hitch] main thread busy for 42ms
⏱️ [hitch] main thread busy for 50ms
⏱️ [hitch] main thread busy for 46ms
⏱️ [hitch] main thread busy for 64ms
⏱️ [hitch] main thread busy for 40ms
⏱️ [hitch] main thread busy for 60ms
⏱️ [hitch] main thread busy for 48ms
⏱️ [hitch] main thread busy for 46ms
⏱️ [hitch] main thread busy for 56ms
⏱️ [hitch] main thread busy for 50ms
⏱️ [hitch] main thread busy for 40ms
⏱️ [hitch] main thread busy for 41ms
⏱️ [hitch] main thread busy for 41ms
⏱️ [hitch] main thread busy for 42ms
⏱️ [hitch] main thread busy for 48ms
⏱️ [hitch] main thread busy for 61ms
⏱️ [hitch] main thread busy for 71ms
⏱️ [hitch] main thread busy for 59ms
⏱️ [hitch] main thread busy for 63ms
⏱️ [hitch] main thread busy for 64ms
⏱️ [hitch] main thread busy for 54ms
⏱️ [hitch] main thread busy for 42ms
⏱️ [hitch] main thread busy for 65ms
⏱️ [hitch] main thread busy for 44ms
⏱️ [hitch] main thread busy for 53ms
⏱️ [hitch] main thread busy for 50ms
⏱️ [hitch] main thread busy for 50ms
⏱️ [hitch] main thread busy for 44ms
⏱️ [hitch] main thread busy for 65ms
⏱️ [hitch] main thread busy for 57ms
⏱️ [hitch] main thread busy for 60ms
⏱️ [hitch] main thread busy for 43ms
⏱️ [hitch] main thread busy for 65ms
⏱️ [hitch] main thread busy for 61ms
⏱️ [hitch] main thread busy for 66ms
⏱️ [hitch] main thread busy for 65ms
⏱️ [hitch] main thread busy for 49ms
⏱️ [hitch] main thread busy for 52ms
⏱️ [hitch] main thread busy for 44ms
⏱️ [hitch] main thread busy for 42ms
⏱️ [hitch] main thread busy for 59ms
⏱️ [hitch] main thread busy for 69ms
⏱️ [hitch] main thread busy for 44ms
⏱️ [hitch] main thread busy for 60ms
⏱️ [hitch] main thread busy for 67ms
⏱️ [hitch] main thread busy for 41ms
⏱️ [hitch] main thread busy for 41ms
⏱️ [hitch] main thread busy for 55ms
⏱️ [hitch] main thread busy for 44ms
⏱️ [hitch] main thread busy for 65ms
⏱️ [hitch] main thread busy for 48ms
⏱️ [hitch] main thread busy for 41ms
⏱️ [hitch] main thread busy for 40ms
⏱️ [hitch] main thread busy for 57ms
⏱️ [hitch] main thread busy for 45ms
⏱️ [hitch] main thread busy for 62ms
⏱️ [hitch] main thread busy for 65ms
⏱️ [hitch] main thread busy for 43ms
⏱️ [hitch] main thread busy for 69ms
⏱️ [hitch] main thread busy for 64ms
⏱️ [hitch] main thread busy for 63ms
⏱️ [hitch] main thread busy for 42ms
⏱️ [hitch] main thread busy for 60ms
⏱️ [hitch] main thread busy for 42ms
⏱️ [hitch] main thread busy for 67ms
⏱️ [hitch] main thread busy for 45ms
⏱️ [hitch] main thread busy for 52ms
⏱️ [hitch] main thread busy for 46ms
⏱️ [hitch] main thread busy for 55ms
⏱️ [hitch] main thread busy for 41ms
⏱️ [hitch] main thread busy for 42ms
⏱️ [hitch] main thread busy for 61ms
⏱️ [hitch] main thread busy for 74ms
⏱️ [hitch] main thread busy for 56ms
⏱️ [hitch] main thread busy for 42ms
⏱️ [hitch] main thread busy for 61ms
⏱️ [hitch] main thread busy for 48ms
⏱️ [hitch] main thread busy for 51ms
⏱️ [hitch] main thread busy for 60ms
⏱️ [hitch] main thread busy for 65ms
⏱️ [hitch] main thread busy for 43ms
⏱️ [hitch] main thread busy for 42ms
⏱️ [hitch] main thread busy for 44ms
⏱️ [hitch] main thread busy for 65ms
⏱️ [hitch] main thread busy for 64ms
⏱️ [hitch] main thread busy for 52ms
⏱️ [hitch] main thread busy for 41ms
⏱️ [hitch] main thread busy for 57ms
⏱️ [hitch] main thread busy for 41ms
⏱️ [hitch] main thread busy for 67ms
⏱️ [hitch] main thread busy for 45ms
⏱️ [hitch] main thread busy for 52ms
⏱️ [hitch] main thread busy for 42ms
⏱️ [hitch] main thread busy for 47ms
⏱️ [hitch] main thread busy for 49ms
⏱️ [hitch] main thread busy for 53ms
⏱️ [hitch] main thread busy for 54ms
⏱️ [hitch] main thread busy for 44ms
⏱️ [hitch] main thread busy for 64ms
⏱️ [hitch] main thread busy for 42ms
⏱️ [hitch] main thread busy for 41ms
⏱️ [hitch] main thread busy for 58ms
⏱️ [hitch] main thread busy for 43ms
⏱️ [hitch] main thread busy for 59ms
⏱️ [hitch] main thread busy for 48ms
⏱️ [hitch] main thread busy for 52ms
⏱️ [hitch] main thread busy for 41ms
⏱️ [hitch] main thread busy for 66ms
⏱️ [hitch] main thread busy for 46ms
⏱️ [hitch] main thread busy for 52ms
⏱️ [hitch] main thread busy for 52ms
⏱️ [hitch] main thread busy for 47ms
⏱️ [hitch] main thread busy for 58ms
⏱️ [hitch] main thread busy for 44ms
⏱️ [hitch] main thread busy for 57ms
⏱️ [hitch] main thread busy for 46ms
⏱️ [hitch] main thread busy for 72ms
⏱️ [hitch] main thread busy for 44ms
⏱️ [hitch] main thread busy for 69ms
⏱️ [hitch] main thread busy for 47ms
⏱️ [hitch] main thread busy for 64ms
⏱️ [hitch] main thread busy for 63ms
⏱️ [hitch] main thread busy for 52ms
⏱️ [hitch] main thread busy for 68ms
⏱️ [hitch] main thread busy for 52ms
⏱️ [hitch] main thread busy for 64ms
⏱️ [hitch] main thread busy for 67ms
⏱️ [hitch] main thread busy for 42ms
⏱️ [hitch] main thread busy for 64ms
⏱️ [hitch] main thread busy for 52ms
⏱️ [hitch] main thread busy for 57ms
⏱️ [hitch] main thread busy for 70ms
⏱️ [hitch] main thread busy for 48ms
⏱️ [hitch] main thread busy for 42ms
⏱️ [hitch] main thread busy for 63ms
⏱️ [hitch] main thread busy for 60ms
⏱️ [hitch] main thread busy for 67ms
⏱️ [hitch] main thread busy for 42ms
⏱️ [hitch] main thread busy for 54ms
⏱️ [hitch] main thread busy for 57ms
⏱️ [hitch] main thread busy for 73ms
⏱️ [hitch] main thread busy for 63ms
⏱️ [hitch] main thread busy for 50ms
⏱️ [hitch] main thread busy for 44ms
⏱️ [hitch] main thread busy for 59ms
⏱️ [hitch] main thread busy for 62ms
⏱️ [hitch] main thread busy for 50ms
⏱️ [hitch] main thread busy for 41ms
⏱️ [hitch] main thread busy for 63ms
⏱️ [hitch] main thread busy for 44ms
⏱️ [hitch] main thread busy for 52ms
⏱️ [hitch] main thread busy for 72ms
⏱️ [hitch] main thread busy for 57ms
⏱️ [hitch] main thread busy for 62ms
⏱️ [hitch] main thread busy for 65ms
⏱️ [hitch] main thread busy for 48ms
⏱️ [hitch] main thread busy for 42ms
⏱️ [hitch] main thread busy for 62ms
⏱️ [hitch] main thread busy for 40ms
⏱️ [hitch] main thread busy for 64ms
⏱️ [hitch] main thread busy for 41ms
⏱️ [hitch] main thread busy for 45ms
⏱️ [hitch] main thread busy for 48ms
⏱️ [hitch] main thread busy for 54ms
⏱️ [hitch] main thread busy for 56ms
⏱️ [hitch] main thread busy for 63ms
⏱️ [hitch] main thread busy for 56ms
⏱️ [hitch] main thread busy for 47ms
⏱️ [hitch] main thread busy for 67ms
⏱️ [hitch] main thread busy for 41ms
⏱️ [hitch] main thread busy for 61ms
⏱️ [hitch] main thread busy for 58ms
⏱️ [hitch] main thread busy for 53ms
⏱️ [hitch] main thread busy for 66ms
⏱️ [hitch] main thread busy for 44ms
⏱️ [hitch] main thread busy for 55ms
⏱️ [hitch] main thread busy for 53ms
⏱️ [hitch] main thread busy for 51ms
⏱️ [hitch] main thread busy for 41ms
⏱️ [hitch] main thread busy for 46ms
⏱️ [hitch] main thread busy for 56ms
⏱️ [hitch] main thread busy for 63ms
⏱️ [hitch] main thread busy for 42ms
⏱️ [hitch] main thread busy for 67ms
⏱️ [hitch] main thread busy for 41ms
⏱️ [hitch] main thread busy for 64ms
⏱️ [hitch] main thread busy for 46ms
⏱️ [hitch] main thread busy for 61ms
⏱️ [hitch] main thread busy for 63ms
⏱️ [hitch] main thread busy for 69ms
⏱️ [hitch] main thread busy for 66ms
⏱️ [hitch] main thread busy for 55ms
⏱️ [hitch] main thread busy for 43ms
⏱️ [hitch] main thread busy for 64ms
⏱️ [hitch] main thread busy for 48ms
⏱️ [hitch] main thread busy for 45ms
⏱️ [hitch] main thread busy for 50ms
⏱️ [hitch] main thread busy for 41ms
⏱️ [hitch] main thread busy for 58ms
⏱️ [hitch] main thread busy for 41ms
⏱️ [hitch] main thread busy for 40ms
⏱️ [hitch] main thread busy for 64ms
⏱️ [hitch] main thread busy for 41ms
⏱️ [hitch] main thread busy for 62ms
⏱️ [hitch] main thread busy for 42ms
⏱️ [hitch] main thread busy for 53ms
⏱️ [hitch] main thread busy for 48ms
⏱️ [hitch] main thread busy for 60ms
⏱️ [hitch] main thread busy for 51ms
⏱️ [hitch] main thread busy for 40ms
⏱️ [hitch] main thread busy for 62ms
⏱️ [hitch] main thread busy for 48ms
⏱️ [hitch] main thread busy for 61ms
⏱️ [hitch] main thread busy for 65ms
⏱️ [hitch] main thread busy for 64ms
⏱️ [hitch] main thread busy for 41ms
⏱️ [hitch] main thread busy for 69ms
⏱️ [hitch] main thread busy for 47ms
⏱️ [hitch] main thread busy for 43ms
⏱️ [hitch] main thread busy for 59ms
⏱️ [hitch] main thread busy for 54ms
⏱️ [hitch] main thread busy for 65ms
⏱️ [hitch] main thread busy for 59ms
⏱️ [hitch] main thread busy for 64ms
⏱️ [hitch] main thread busy for 53ms
⏱️ [hitch] main thread busy for 68ms
⏱️ [hitch] main thread busy for 58ms
⏱️ [hitch] main thread busy for 68ms
⏱️ [hitch] main thread busy for 45ms
⏱️ [hitch] main thread busy for 58ms
⏱️ [hitch] main thread busy for 43ms
⏱️ [hitch] main thread busy for 67ms
⏱️ [hitch] main thread busy for 46ms
⏱️ [hitch] main thread busy for 43ms
⏱️ [hitch] main thread busy for 64ms
⏱️ [hitch] main thread busy for 67ms
⏱️ [hitch] main thread busy for 55ms
⏱️ [hitch] main thread busy for 67ms
⏱️ [hitch] main thread busy for 48ms
⏱️ [hitch] main thread busy for 60ms
⏱️ [hitch] main thread busy for 56ms
⏱️ [hitch] main thread busy for 67ms
⏱️ [hitch] main thread busy for 65ms
⏱️ [hitch] main thread busy for 58ms
⏱️ [hitch] main thread busy for 53ms
⏱️ [hitch] main thread busy for 65ms
⏱️ [hitch] main thread busy for 41ms
⏱️ [hitch] main thread busy for 55ms
⏱️ [hitch] main thread busy for 49ms
⏱️ [hitch] main thread busy for 61ms
⏱️ [hitch] main thread busy for 40ms
⏱️ [hitch] main thread busy for 57ms
⏱️ [hitch] main thread busy for 46ms
⏱️ [hitch] main thread busy for 50ms
⏱️ [hitch] main thread busy for 56ms
⏱️ [hitch] main thread busy for 53ms
⏱️ [hitch] main thread busy for 55ms
⏱️ [hitch] main thread busy for 44ms
⏱️ [hitch] main thread busy for 44ms
⏱️ [hitch] main thread busy for 53ms
⏱️ [hitch] main thread busy for 56ms
⏱️ [hitch] main thread busy for 61ms
⏱️ [hitch] main thread busy for 47ms
⏱️ [hitch] main thread busy for 50ms
⏱️ [hitch] main thread busy for 66ms
⏱️ [hitch] main thread busy for 42ms
⏱️ [hitch] main thread busy for 42ms
⏱️ [hitch] main thread busy for 64ms
⏱️ [hitch] main thread busy for 45ms
⏱️ [hitch] main thread busy for 45ms
⏱️ [hitch] main thread busy for 54ms
⏱️ [hitch] main thread busy for 53ms
⏱️ [hitch] main thread busy for 67ms
⏱️ [hitch] main thread busy for 44ms
⏱️ [hitch] main thread busy for 60ms
⏱️ [hitch] main thread busy for 40ms
⏱️ [hitch] main thread busy for 59ms
⏱️ [hitch] main thread busy for 71ms
⏱️ [hitch] main thread busy for 59ms
⏱️ [hitch] main thread busy for 49ms
⏱️ [hitch] main thread busy for 63ms
⏱️ [hitch] main thread busy for 48ms
⏱️ [hitch] main thread busy for 60ms
⏱️ [hitch] main thread busy for 68ms
⏱️ [hitch] main thread busy for 53ms
⏱️ [hitch] main thread busy for 56ms
⏱️ [hitch] main thread busy for 68ms
⏱️ [hitch] main thread busy for 64ms
⏱️ [hitch] main thread busy for 47ms
⏱️ [hitch] main thread busy for 41ms
⏱️ [hitch] main thread busy for 59ms
⏱️ [hitch] main thread busy for 61ms
⏱️ [hitch] main thread busy for 64ms
⏱️ [hitch] main thread busy for 41ms
⏱️ [hitch] main thread busy for 62ms
⏱️ [hitch] main thread busy for 48ms
⏱️ [hitch] main thread busy for 64ms
⏱️ [hitch] main thread busy for 64ms
⏱️ [hitch] main thread busy for 67ms
⏱️ [hitch] main thread busy for 56ms
⏱️ [hitch] main thread busy for 45ms
⏱️ [hitch] main thread busy for 60ms
⏱️ [hitch] main thread busy for 51ms
⏱️ [hitch] main thread busy for 44ms
⏱️ [hitch] main thread busy for 49ms
⏱️ [hitch] main thread busy for 56ms
⏱️ [hitch] main thread busy for 68ms
⏱️ [hitch] main thread busy for 66ms
⏱️ [hitch] main thread busy for 57ms
⏱️ [hitch] main thread busy for 55ms
⏱️ [hitch] main thread busy for 46ms
⏱️ [hitch] main thread busy for 59ms
⏱️ [hitch] main thread busy for 61ms
⏱️ [hitch] main thread busy for 56ms
⏱️ [hitch] main thread busy for 67ms
⏱️ [hitch] main thread busy for 42ms
⏱️ [hitch] main thread busy for 73ms
⏱️ [hitch] main thread busy for 70ms
⏱️ [hitch] main thread busy for 64ms
⏱️ [hitch] main thread busy for 62ms
⏱️ [hitch] main thread busy for 46ms
⏱️ [hitch] main thread busy for 64ms
⏱️ [hitch] main thread busy for 43ms
⏱️ [hitch] main thread busy for 40ms
⏱️ [hitch] main thread busy for 63ms
⏱️ [hitch] main thread busy for 48ms
⏱️ [hitch] main thread busy for 57ms
⏱️ [hitch] main thread busy for 45ms
⏱️ [hitch] main thread busy for 67ms
⏱️ [hitch] main thread busy for 42ms
⏱️ [hitch] main thread busy for 59ms
⏱️ [hitch] main thread busy for 62ms
⏱️ [hitch] main thread busy for 66ms
⏱️ [hitch] main thread busy for 68ms
⏱️ [hitch] main thread busy for 52ms
⏱️ [hitch] main thread busy for 59ms
⏱️ [hitch] main thread busy for 57ms
⏱️ [hitch] main thread busy for 49ms
⏱️ [hitch] main thread busy for 44ms
⏱️ [hitch] main thread busy for 53ms
⏱️ [hitch] main thread busy for 47ms
⏱️ [hitch] main thread busy for 48ms
⏱️ [hitch] main thread busy for 58ms
⏱️ [hitch] main thread busy for 41ms
⏱️ [hitch] main thread busy for 41ms
⏱️ [hitch] main thread busy for 60ms
⏱️ [hitch] main thread busy for 59ms
⏱️ [hitch] main thread busy for 45ms
⏱️ [hitch] main thread busy for 62ms
⏱️ [hitch] main thread busy for 57ms
⏱️ [hitch] main thread busy for 42ms
⏱️ [hitch] main thread busy for 50ms
⏱️ [hitch] main thread busy for 52ms
⏱️ [hitch] main thread busy for 60ms
⏱️ [hitch] main thread busy for 53ms
⏱️ [hitch] main thread busy for 41ms
⏱️ [hitch] main thread busy for 66ms
⏱️ [hitch] main thread busy for 59ms
⏱️ [hitch] main thread busy for 70ms
⏱️ [hitch] main thread busy for 46ms
⏱️ [hitch] main thread busy for 49ms
⏱️ [hitch] main thread busy for 62ms
⏱️ [hitch] main thread busy for 45ms
⏱️ [hitch] main thread busy for 42ms
⏱️ [hitch] main thread busy for 54ms
⏱️ [hitch] main thread busy for 46ms
⏱️ [hitch] main thread busy for 67ms
⏱️ [hitch] main thread busy for 51ms
⏱️ [hitch] main thread busy for 64ms
⏱️ [hitch] main thread busy for 40ms
⏱️ [hitch] main thread busy for 61ms
⏱️ [hitch] main thread busy for 40ms
⏱️ [hitch] main thread busy for 68ms
⏱️ [hitch] main thread busy for 70ms
⏱️ [hitch] main thread busy for 44ms
⏱️ [hitch] main thread busy for 66ms
⏱️ [hitch] main thread busy for 60ms
⏱️ [hitch] main thread busy for 68ms
⏱️ [hitch] main thread busy for 45ms
⏱️ [hitch] main thread busy for 59ms
⏱️ [hitch] main thread busy for 45ms
⏱️ [hitch] main thread busy for 62ms
⏱️ [hitch] main thread busy for 43ms
⏱️ [hitch] main thread busy for 45ms
⏱️ [hitch] main thread busy for 66ms
⏱️ [hitch] main thread busy for 46ms
⏱️ [hitch] main thread busy for 49ms
⏱️ [hitch] main thread busy for 44ms
⏱️ [hitch] main thread busy for 62ms
⏱️ [hitch] main thread busy for 51ms
⏱️ [hitch] main thread busy for 60ms
⏱️ [hitch] main thread busy for 43ms
⏱️ [hitch] main thread busy for 42ms
⏱️ [hitch] main thread busy for 45ms
⏱️ [hitch] main thread busy for 40ms
⏱️ [hitch] main thread busy for 62ms
⏱️ [hitch] main thread busy for 52ms
⏱️ [hitch] main thread busy for 56ms
⏱️ [hitch] main thread busy for 67ms
⏱️ [hitch] main thread busy for 45ms
⏱️ [hitch] main thread busy for 50ms
⏱️ [hitch] main thread busy for 52ms
⏱️ [hitch] main thread busy for 43ms
⏱️ [hitch] main thread busy for 48ms
⏱️ [hitch] main thread busy for 45ms
⏱️ [hitch] main thread busy for 42ms
⏱️ [hitch] main thread busy for 48ms
⏱️ [hitch] main thread busy for 66ms
⏱️ [hitch] main thread busy for 66ms
⏱️ [hitch] main thread busy for 42ms
⏱️ [hitch] main thread busy for 64ms
⏱️ [hitch] main thread busy for 42ms
⏱️ [hitch] main thread busy for 64ms
⏱️ [hitch] main thread busy for 43ms
⏱️ [hitch] main thread busy for 69ms
⏱️ [hitch] main thread busy for 42ms
⏱️ [hitch] main thread busy for 50ms
⏱️ [hitch] main thread busy for 41ms
⏱️ [hitch] main thread busy for 60ms
⏱️ [hitch] main thread busy for 64ms
⏱️ [hitch] main thread busy for 45ms
⏱️ [hitch] main thread busy for 61ms
⏱️ [hitch] main thread busy for 54ms
⏱️ [hitch] main thread busy for 44ms
⏱️ [hitch] main thread busy for 40ms
⏱️ [hitch] main thread busy for 62ms
⏱️ [hitch] main thread busy for 56ms
⏱️ [hitch] main thread busy for 48ms
⏱️ [hitch] main thread busy for 61ms
⏱️ [hitch] main thread busy for 55ms
⏱️ [hitch] main thread busy for 51ms
⏱️ [hitch] main thread busy for 49ms
⏱️ [hitch] main thread busy for 67ms
⏱️ [hitch] main thread busy for 52ms
⏱️ [hitch] main thread busy for 54ms
⏱️ [hitch] main thread busy for 65ms
⏱️ [hitch] main thread busy for 57ms
⏱️ [hitch] main thread busy for 67ms
⏱️ [hitch] main thread busy for 43ms
⏱️ [hitch] main thread busy for 58ms
⏱️ [hitch] main thread busy for 73ms
⏱️ [hitch] main thread busy for 68ms
⏱️ [hitch] main thread busy for 53ms
⏱️ [hitch] main thread busy for 42ms
⏱️ [hitch] main thread busy for 52ms
⏱️ [hitch] main thread busy for 50ms
⏱️ [hitch] main thread busy for 64ms
⏱️ [hitch] main thread busy for 45ms
⏱️ [hitch] main thread busy for 64ms
⏱️ [hitch] main thread busy for 47ms
⏱️ [hitch] main thread busy for 43ms
⏱️ [hitch] main thread busy for 65ms
⏱️ [hitch] main thread busy for 63ms
⏱️ [hitch] main thread busy for 53ms
⏱️ [hitch] main thread busy for 44ms
⏱️ [hitch] main thread busy for 54ms
⏱️ [hitch] main thread busy for 54ms
⏱️ [hitch] main thread busy for 62ms
⏱️ [hitch] main thread busy for 41ms
⏱️ [hitch] main thread busy for 53ms
⏱️ [hitch] main thread busy for 62ms
⏱️ [hitch] main thread busy for 67ms
⏱️ [hitch] main thread busy for 68ms
⏱️ [hitch] main thread busy for 49ms
⏱️ [hitch] main thread busy for 43ms
⏱️ [hitch] main thread busy for 43ms
⏱️ [hitch] main thread busy for 41ms
⏱️ [hitch] main thread busy for 40ms
⏱️ [hitch] main thread busy for 40ms
⏱️ [hitch] main thread busy for 41ms
⏱️ [hitch] main thread busy for 41ms
⏱️ [hitch] main thread busy for 40ms
⏱️ [hitch] main thread busy for 40ms
⏱️ [hitch] main thread busy for 42ms
⏱️ [hitch] main thread busy for 41ms
⏱️ [hitch] main thread busy for 42ms
⏱️ [hitch] main thread busy for 42ms
⏱️ [hitch] main thread busy for 43ms
⏱️ [hitch] main thread busy for 41ms
⏱️ [hitch] main thread busy for 52ms
⏱️ [hitch] main thread busy for 42ms
⏱️ [hitch] main thread busy for 40ms
⏱️ [hitch] main thread busy for 42ms
⏱️ [hitch] main thread busy for 50ms
⏱️ [hitch] main thread busy for 56ms
⏱️ [hitch] main thread busy for 59ms
⏱️ [hitch] main thread busy for 55ms
⏱️ [hitch] main thread busy for 41ms
⏱️ [hitch] main thread busy for 69ms
⏱️ [hitch] main thread busy for 59ms
⏱️ [hitch] main thread busy for 50ms
⏱️ [hitch] main thread busy for 66ms
⏱️ [hitch] main thread busy for 40ms
⏱️ [hitch] main thread busy for 63ms
⏱️ [hitch] main thread busy for 42ms
⏱️ [hitch] main thread busy for 42ms
⏱️ [hitch] main thread busy for 43ms
⏱️ [hitch] main thread busy for 48ms
⏱️ [hitch] main thread busy for 46ms
⏱️ [hitch] main thread busy for 66ms
⏱️ [hitch] main thread busy for 40ms
⏱️ [hitch] main thread busy for 56ms
⏱️ [hitch] main thread busy for 49ms
⏱️ [hitch] main thread busy for 51ms
⏱️ [hitch] main thread busy for 43ms
⏱️ [hitch] main thread busy for 40ms
⏱️ [hitch] main thread busy for 70ms
⏱️ [hitch] main thread busy for 40ms
⏱️ [hitch] main thread busy for 44ms
⏱️ [hitch] main thread busy for 42ms
⏱️ [hitch] main thread busy for 63ms
⏱️ [hitch] main thread busy for 52ms
⏱️ [hitch] main thread busy for 65ms
⏱️ [hitch] main thread busy for 45ms
⏱️ [hitch] main thread busy for 55ms
⏱️ [hitch] main thread busy for 44ms
⏱️ [hitch] main thread busy for 47ms
⏱️ [hitch] main thread busy for 54ms
⏱️ [hitch] main thread busy for 64ms
⏱️ [hitch] main thread busy for 62ms
⏱️ [hitch] main thread busy for 41ms
⏱️ [hitch] main thread busy for 42ms
⏱️ [hitch] main thread busy for 51ms
⏱️ [hitch] main thread busy for 41ms
⏱️ [hitch] main thread busy for 45ms
⏱️ [hitch] main thread busy for 67ms
⏱️ [hitch] main thread busy for 66ms
⏱️ [hitch] main thread busy for 41ms
⏱️ [hitch] main thread busy for 67ms
⏱️ [hitch] main thread busy for 54ms
⏱️ [hitch] main thread busy for 66ms
⏱️ [hitch] main thread busy for 50ms
⏱️ [hitch] main thread busy for 69ms
⏱️ [hitch] main thread busy for 62ms
⏱️ [hitch] main thread busy for 69ms
⏱️ [hitch] main thread busy for 43ms
⏱️ [hitch] main thread busy for 65ms
⏱️ [hitch] main thread busy for 58ms
⏱️ [hitch] main thread busy for 72ms
⏱️ [hitch] main thread busy for 59ms
⏱️ [hitch] main thread busy for 50ms
⏱️ [hitch] main thread busy for 52ms
⏱️ [hitch] main thread busy for 55ms
⏱️ [hitch] main thread busy for 45ms
⏱️ [hitch] main thread busy for 54ms
⏱️ [hitch] main thread busy for 54ms
⏱️ [hitch] main thread busy for 41ms
⏱️ [hitch] main thread busy for 63ms
⏱️ [hitch] main thread busy for 49ms
⏱️ [hitch] main thread busy for 54ms
⏱️ [hitch] main thread busy for 54ms
⏱️ [hitch] main thread busy for 57ms
⏱️ [hitch] main thread busy for 64ms
⏱️ [hitch] main thread busy for 51ms
⏱️ [hitch] main thread busy for 60ms
⏱️ [hitch] main thread busy for 62ms
⏱️ [hitch] main thread busy for 44ms
⏱️ [hitch] main thread busy for 41ms
⏱️ [hitch] main thread busy for 61ms
⏱️ [hitch] main thread busy for 45ms
⏱️ [hitch] main thread busy for 66ms
⏱️ [hitch] main thread busy for 63ms
⏱️ [hitch] main thread busy for 67ms
⏱️ [hitch] main thread busy for 46ms
⏱️ [hitch] main thread busy for 56ms
⏱️ [hitch] main thread busy for 40ms
⏱️ [hitch] main thread busy for 40ms
⏱️ [hitch] main thread busy for 41ms
⏱️ [hitch] main thread busy for 60ms
⏱️ [hitch] main thread busy for 63ms
⏱️ [hitch] main thread busy for 65ms
⏱️ [hitch] main thread busy for 46ms
⏱️ [hitch] main thread busy for 52ms
⏱️ [hitch] main thread busy for 46ms
⏱️ [hitch] main thread busy for 66ms
⏱️ [hitch] main thread busy for 41ms
⏱️ [hitch] main thread busy for 64ms
⏱️ [hitch] main thread busy for 50ms
⏱️ [hitch] main thread busy for 60ms
⏱️ [hitch] main thread busy for 67ms
⏱️ [hitch] main thread busy for 61ms
⏱️ [hitch] main thread busy for 65ms
⏱️ [hitch] main thread busy for 42ms
⏱️ [hitch] main thread busy for 49ms
⏱️ [hitch] main thread busy for 41ms
⏱️ [hitch] main thread busy for 65ms
⏱️ [hitch] main thread busy for 60ms
⏱️ [hitch] main thread busy for 49ms
⏱️ [hitch] main thread busy for 42ms
⏱️ [hitch] main thread busy for 56ms
⏱️ [hitch] main thread busy for 57ms
⏱️ [hitch] main thread busy for 65ms
⏱️ [hitch] main thread busy for 44ms
⏱️ [hitch] main thread busy for 52ms
⏱️ [hitch] main thread busy for 54ms
⏱️ [hitch] main thread busy for 45ms
⏱️ [hitch] main thread busy for 61ms
⏱️ [hitch] main thread busy for 41ms
⏱️ [hitch] main thread busy for 50ms
⏱️ [hitch] main thread busy for 41ms
⏱️ [hitch] main thread busy for 62ms
⏱️ [hitch] main thread busy for 52ms
⏱️ [hitch] main thread busy for 41ms
⏱️ [hitch] main thread busy for 40ms
⏱️ [hitch] main thread busy for 46ms
⏱️ [hitch] main thread busy for 66ms
⏱️ [hitch] main thread busy for 41ms
⏱️ [hitch] main thread busy for 60ms
⏱️ [hitch] main thread busy for 42ms
⏱️ [hitch] main thread busy for 58ms
⏱️ [hitch] main thread busy for 53ms
⏱️ [hitch] main thread busy for 42ms
⏱️ [hitch] main thread busy for 51ms
⏱️ [hitch] main thread busy for 40ms
⏱️ [hitch] main thread busy for 47ms
⏱️ [hitch] main thread busy for 44ms
⏱️ [hitch] main thread busy for 68ms
⏱️ [hitch] main thread busy for 58ms
⏱️ [hitch] main thread busy for 48ms
⏱️ [hitch] main thread busy for 58ms
⏱️ [hitch] main thread busy for 52ms
⏱️ [hitch] main thread busy for 66ms
⏱️ [hitch] main thread busy for 67ms
⏱️ [hitch] main thread busy for 41ms
⏱️ [hitch] main thread busy for 65ms
⏱️ [hitch] main thread busy for 66ms
⏱️ [hitch] main thread busy for 49ms
⏱️ [hitch] main thread busy for 41ms
⏱️ [hitch] main thread busy for 56ms
⏱️ [hitch] main thread busy for 71ms
⏱️ [hitch] main thread busy for 67ms
⏱️ [hitch] main thread busy for 41ms
⏱️ [hitch] main thread busy for 65ms
⏱️ [hitch] main thread busy for 52ms
⏱️ [hitch] main thread busy for 56ms
⏱️ [hitch] main thread busy for 63ms
⏱️ [hitch] main thread busy for 71ms
⏱️ [hitch] main thread busy for 74ms
⏱️ [hitch] main thread busy for 56ms
⏱️ [hitch] main thread busy for 67ms
⏱️ [hitch] main thread busy for 62ms
⏱️ [hitch] main thread busy for 42ms
⏱️ [hitch] main thread busy for 69ms
⏱️ [hitch] main thread busy for 49ms
⏱️ [hitch] main thread busy for 52ms
⏱️ [hitch] main thread busy for 44ms
⏱️ [hitch] main thread busy for 68ms
⏱️ [hitch] main thread busy for 48ms
⏱️ [hitch] main thread busy for 63ms
⏱️ [hitch] main thread busy for 50ms
⏱️ [hitch] main thread busy for 67ms
⏱️ [hitch] main thread busy for 41ms
⏱️ [hitch] main thread busy for 41ms
⏱️ [hitch] main thread busy for 54ms
⏱️ [hitch] main thread busy for 41ms
⏱️ [hitch] main thread busy for 50ms
⏱️ [hitch] main thread busy for 41ms
⏱️ [hitch] main thread busy for 70ms
⏱️ [hitch] main thread busy for 58ms
⏱️ [hitch] main thread busy for 67ms
⏱️ [hitch] main thread busy for 40ms
⏱️ [hitch] main thread busy for 66ms
⏱️ [hitch] main thread busy for 61ms
⏱️ [hitch] main thread busy for 44ms
⏱️ [hitch] main thread busy for 64ms
⏱️ [hitch] main thread busy for 64ms
⏱️ [hitch] main thread busy for 45ms
⏱️ [hitch] main thread busy for 57ms
⏱️ [hitch] main thread busy for 64ms
⏱️ [hitch] main thread busy for 66ms
⏱️ [hitch] main thread busy for 42ms
⏱️ [hitch] main thread busy for 56ms
⏱️ [hitch] main thread busy for 47ms
⏱️ [hitch] main thread busy for 58ms
⏱️ [hitch] main thread busy for 68ms
⏱️ [hitch] main thread busy for 43ms
⏱️ [hitch] main thread busy for 55ms
⏱️ [hitch] main thread busy for 52ms
⏱️ [hitch] main thread busy for 69ms
⏱️ [hitch] main thread busy for 41ms
⏱️ [hitch] main thread busy for 54ms
⏱️ [hitch] main thread busy for 67ms
⏱️ [hitch] main thread busy for 44ms
⏱️ [hitch] main thread busy for 40ms
⏱️ [hitch] main thread busy for 41ms
⏱️ [hitch] main thread busy for 63ms
⏱️ [hitch] main thread busy for 53ms
⏱️ [hitch] main thread busy for 54ms
⏱️ [hitch] main thread busy for 45ms
⏱️ [hitch] main thread busy for 60ms
⏱️ [hitch] main thread busy for 41ms
⏱️ [hitch] main thread busy for 43ms
⏱️ [hitch] main thread busy for 65ms
⏱️ [hitch] main thread busy for 52ms
⏱️ [hitch] main thread busy for 60ms
⏱️ [hitch] main thread busy for 55ms
⏱️ [hitch] main thread busy for 62ms
⏱️ [hitch] main thread busy for 43ms
⏱️ [hitch] main thread busy for 52ms
⏱️ [hitch] main thread busy for 45ms
⏱️ [hitch] main thread busy for 40ms
⏱️ [hitch] main thread busy for 64ms
⏱️ [hitch] main thread busy for 44ms
⏱️ [hitch] main thread busy for 54ms
⏱️ [hitch] main thread busy for 40ms
⏱️ [hitch] main thread busy for 63ms
⏱️ [hitch] main thread busy for 49ms
⏱️ [hitch] main thread busy for 65ms
⏱️ [hitch] main thread busy for 50ms
⏱️ [hitch] main thread busy for 47ms
⏱️ [hitch] main thread busy for 44ms
⏱️ [hitch] main thread busy for 43ms
⏱️ [hitch] main thread busy for 43ms
⏱️ [hitch] main thread busy for 45ms
⏱️ [hitch] main thread busy for 64ms
⏱️ [hitch] main thread busy for 71ms
⏱️ [hitch] main thread busy for 67ms
⏱️ [hitch] main thread busy for 42ms
⏱️ [hitch] main thread busy for 67ms
⏱️ [hitch] main thread busy for 59ms
⏱️ [hitch] main thread busy for 62ms
⏱️ [hitch] main thread busy for 50ms
⏱️ [hitch] main thread busy for 59ms
⏱️ [hitch] main thread busy for 50ms
⏱️ [hitch] main thread busy for 48ms
⏱️ [hitch] main thread busy for 63ms
⏱️ [hitch] main thread busy for 54ms
⏱️ [hitch] main thread busy for 61ms
⏱️ [hitch] main thread busy for 43ms
⏱️ [hitch] main thread busy for 66ms
⏱️ [hitch] main thread busy for 62ms
⏱️ [hitch] main thread busy for 66ms
⏱️ [hitch] main thread busy for 60ms
⏱️ [hitch] main thread busy for 62ms
⏱️ [hitch] main thread busy for 66ms
⏱️ [hitch] main thread busy for 63ms
⏱️ [hitch] main thread busy for 58ms
⏱️ [hitch] main thread busy for 59ms
⏱️ [hitch] main thread busy for 65ms
⏱️ [hitch] main thread busy for 53ms
⏱️ [hitch] main thread busy for 43ms
⏱️ [hitch] main thread busy for 42ms
⏱️ [hitch] main thread busy for 61ms
⏱️ [hitch] main thread busy for 63ms
⏱️ [hitch] main thread busy for 61ms
⏱️ [hitch] main thread busy for 62ms
⏱️ [hitch] main thread busy for 43ms
⏱️ [hitch] main thread busy for 62ms
⏱️ [hitch] main thread busy for 43ms
⏱️ [hitch] main thread busy for 60ms
⏱️ [hitch] main thread busy for 65ms
⏱️ [hitch] main thread busy for 57ms
⏱️ [hitch] main thread busy for 70ms
⏱️ [hitch] main thread busy for 64ms
⏱️ [hitch] main thread busy for 58ms
⏱️ [hitch] main thread busy for 63ms
⏱️ [hitch] main thread busy for 67ms
⏱️ [hitch] main thread busy for 51ms
⏱️ [hitch] main thread busy for 69ms
⏱️ [hitch] main thread busy for 63ms
⏱️ [hitch] main thread busy for 41ms
⏱️ [hitch] main thread busy for 44ms
⏱️ [hitch] main thread busy for 43ms
⏱️ [hitch] main thread busy for 63ms
⏱️ [hitch] main thread busy for 67ms
⏱️ [hitch] main thread busy for 62ms
⏱️ [hitch] main thread busy for 47ms
⏱️ [hitch] main thread busy for 64ms
⏱️ [hitch] main thread busy for 56ms
⏱️ [hitch] main thread busy for 47ms
⏱️ [hitch] main thread busy for 62ms
⏱️ [hitch] main thread busy for 71ms
⏱️ [hitch] main thread busy for 45ms
⏱️ [hitch] main thread busy for 42ms
⏱️ [hitch] main thread busy for 49ms
⏱️ [hitch] main thread busy for 62ms
⏱️ [hitch] main thread busy for 64ms
⏱️ [hitch] main thread busy for 42ms
⏱️ [hitch] main thread busy for 53ms
⏱️ [hitch] main thread busy for 41ms
⏱️ [hitch] main thread busy for 67ms
⏱️ [hitch] main thread busy for 46ms
⏱️ [hitch] main thread busy for 46ms
⏱️ [hitch] main thread busy for 44ms
⏱️ [hitch] main thread busy for 43ms
⏱️ [hitch] main thread busy for 45ms
⏱️ [hitch] main thread busy for 57ms
⏱️ [hitch] main thread busy for 64ms
⏱️ [hitch] main thread busy for 59ms
⏱️ [hitch] main thread busy for 64ms
⏱️ [hitch] main thread busy for 42ms
⏱️ [hitch] main thread busy for 63ms
⏱️ [hitch] main thread busy for 43ms
⏱️ [hitch] main thread busy for 41ms
⏱️ [hitch] main thread busy for 40ms
⏱️ [hitch] main thread busy for 65ms
⏱️ [hitch] main thread busy for 62ms
⏱️ [hitch] main thread busy for 46ms
⏱️ [hitch] main thread busy for 56ms
⏱️ [hitch] main thread busy for 64ms
⏱️ [hitch] main thread busy for 41ms
⏱️ [hitch] main thread busy for 65ms
⏱️ [hitch] main thread busy for 68ms
⏱️ [hitch] main thread busy for 42ms
⏱️ [hitch] main thread busy for 57ms
⏱️ [hitch] main thread busy for 48ms
⏱️ [hitch] main thread busy for 51ms
⏱️ [hitch] main thread busy for 66ms
⏱️ [hitch] main thread busy for 50ms
⏱️ [hitch] main thread busy for 62ms
⏱️ [hitch] main thread busy for 57ms
⏱️ [hitch] main thread busy for 44ms
⏱️ [hitch] main thread busy for 46ms
⏱️ [hitch] main thread busy for 72ms
⏱️ [hitch] main thread busy for 63ms
⏱️ [hitch] main thread busy for 44ms
⏱️ [hitch] main thread busy for 49ms
⏱️ [hitch] main thread busy for 51ms
⏱️ [hitch] main thread busy for 65ms
⏱️ [hitch] main thread busy for 49ms
⏱️ [hitch] main thread busy for 65ms
⏱️ [hitch] main thread busy for 66ms
⏱️ [hitch] main thread busy for 56ms
⏱️ [hitch] main thread busy for 58ms
⏱️ [hitch] main thread busy for 52ms
⏱️ [hitch] main thread busy for 66ms
⏱️ [hitch] main thread busy for 63ms
⏱️ [hitch] main thread busy for 67ms
⏱️ [hitch] main thread busy for 59ms
⏱️ [hitch] main thread busy for 47ms
⏱️ [hitch] main thread busy for 47ms
⏱️ [hitch] main thread busy for 49ms
⏱️ [hitch] main thread busy for 64ms
⏱️ [hitch] main thread busy for 62ms
⏱️ [hitch] main thread busy for 44ms
⏱️ [hitch] main thread busy for 54ms
⏱️ [hitch] main thread busy for 47ms
⏱️ [hitch] main thread busy for 65ms
⏱️ [hitch] main thread busy for 61ms
⏱️ [hitch] main thread busy for 48ms
⏱️ [hitch] main thread busy for 41ms
⏱️ [hitch] main thread busy for 49ms
⏱️ [hitch] main thread busy for 65ms
⏱️ [hitch] main thread busy for 55ms
⏱️ [hitch] main thread busy for 59ms
⏱️ [hitch] main thread busy for 59ms
⏱️ [hitch] main thread busy for 64ms
⏱️ [hitch] main thread busy for 40ms
⏱️ [hitch] main thread busy for 59ms
⏱️ [hitch] main thread busy for 40ms
⏱️ [hitch] main thread busy for 65ms
⏱️ [hitch] main thread busy for 52ms
⏱️ [hitch] main thread busy for 61ms
⏱️ [hitch] main thread busy for 52ms
⏱️ [hitch] main thread busy for 48ms
⏱️ [hitch] main thread busy for 53ms
⏱️ [hitch] main thread busy for 50ms
⏱️ [hitch] main thread busy for 68ms
⏱️ [hitch] main thread busy for 55ms
⏱️ [hitch] main thread busy for 41ms
⏱️ [hitch] main thread busy for 46ms
⏱️ [hitch] main thread busy for 45ms
⏱️ [hitch] main thread busy for 62ms
⏱️ [hitch] main thread busy for 59ms
⏱️ [hitch] main thread busy for 44ms
⏱️ [hitch] main thread busy for 50ms
⏱️ [hitch] main thread busy for 67ms
⏱️ [hitch] main thread busy for 63ms
⏱️ [hitch] main thread busy for 45ms
⏱️ [hitch] main thread busy for 59ms
⏱️ [hitch] main thread busy for 64ms
⏱️ [hitch] main thread busy for 51ms
⏱️ [hitch] main thread busy for 42ms
⏱️ [hitch] main thread busy for 53ms
⏱️ [hitch] main thread busy for 61ms
⏱️ [hitch] main thread busy for 44ms
⏱️ [hitch] main thread busy for 49ms
⏱️ [hitch] main thread busy for 63ms
⏱️ [hitch] main thread busy for 68ms
⏱️ [hitch] main thread busy for 68ms
⏱️ [hitch] main thread busy for 65ms
⏱️ [hitch] main thread busy for 63ms
⏱️ [hitch] main thread busy for 40ms
⏱️ [hitch] main thread busy for 63ms
⏱️ [hitch] main thread busy for 68ms
⏱️ [hitch] main thread busy for 41ms
⏱️ [hitch] main thread busy for 64ms
⏱️ [hitch] main thread busy for 60ms
⏱️ [hitch] main thread busy for 68ms
⏱️ [hitch] main thread busy for 45ms
⏱️ [hitch] main thread busy for 64ms
⏱️ [hitch] main thread busy for 53ms
⏱️ [hitch] main thread busy for 63ms
⏱️ [hitch] main thread busy for 61ms
⏱️ [hitch] main thread busy for 50ms
⏱️ [hitch] main thread busy for 40ms
⏱️ [hitch] main thread busy for 67ms
⏱️ [hitch] main thread busy for 60ms
⏱️ [hitch] main thread busy for 43ms
⏱️ [hitch] main thread busy for 43ms
⏱️ [hitch] main thread busy for 47ms
⏱️ [hitch] main thread busy for 52ms
⏱️ [hitch] main thread busy for 65ms
⏱️ [hitch] main thread busy for 45ms
⏱️ [hitch] main thread busy for 42ms
⏱️ [hitch] main thread busy for 50ms
⏱️ [hitch] main thread busy for 55ms
⏱️ [hitch] main thread busy for 50ms
⏱️ [hitch] main thread busy for 55ms
⏱️ [hitch] main thread busy for 46ms
⏱️ [hitch] main thread busy for 41ms
⏱️ [hitch] main thread busy for 67ms
⏱️ [hitch] main thread busy for 64ms
⏱️ [hitch] main thread busy for 61ms
⏱️ [hitch] main thread busy for 50ms
⏱️ [hitch] main thread busy for 66ms
⏱️ [hitch] main thread busy for 68ms
⏱️ [hitch] main thread busy for 61ms
⏱️ [hitch] main thread busy for 43ms
⏱️ [hitch] main thread busy for 47ms
⏱️ [hitch] main thread busy for 52ms
⏱️ [hitch] main thread busy for 64ms
⏱️ [hitch] main thread busy for 76ms
⏱️ [hitch] main thread busy for 55ms
⏱️ [hitch] main thread busy for 70ms
⏱️ [hitch] main thread busy for 69ms
⏱️ [hitch] main thread busy for 56ms
⏱️ [hitch] main thread busy for 51ms
⏱️ [hitch] main thread busy for 65ms
⏱️ [hitch] main thread busy for 63ms
⏱️ [hitch] main thread busy for 42ms
⏱️ [hitch] main thread busy for 64ms
⏱️ [hitch] main thread busy for 50ms
⏱️ [hitch] main thread busy for 42ms
⏱️ [hitch] main thread busy for 54ms
⏱️ [hitch] main thread busy for 42ms
⏱️ [hitch] main thread busy for 42ms
⏱️ [hitch] main thread busy for 45ms
⏱️ [hitch] main thread busy for 53ms
⏱️ [hitch] main thread busy for 56ms
⏱️ [hitch] main thread busy for 56ms
⏱️ [hitch] main thread busy for 51ms
⏱️ [hitch] main thread busy for 42ms
⏱️ [hitch] main thread busy for 66ms
⏱️ [hitch] main thread busy for 52ms
⏱️ [hitch] main thread busy for 63ms
⏱️ [hitch] main thread busy for 64ms
⏱️ [hitch] main thread busy for 46ms
⏱️ [hitch] main thread busy for 40ms
⏱️ [hitch] main thread busy for 69ms
⏱️ [hitch] main thread busy for 66ms
⏱️ [hitch] main thread busy for 58ms
⏱️ [hitch] main thread busy for 42ms
⏱️ [hitch] main thread busy for 40ms
⏱️ [hitch] main thread busy for 66ms
⏱️ [hitch] main thread busy for 58ms
⏱️ [hitch] main thread busy for 64ms
⏱️ [hitch] main thread busy for 61ms
⏱️ [hitch] main thread busy for 51ms
⏱️ [hitch] main thread busy for 50ms
⏱️ [hitch] main thread busy for 51ms
⏱️ [hitch] main thread busy for 41ms
⏱️ [hitch] main thread busy for 51ms
⏱️ [hitch] main thread busy for 56ms
⏱️ [hitch] main thread busy for 67ms
⏱️ [hitch] main thread busy for 55ms
⏱️ [hitch] main thread busy for 64ms
⏱️ [hitch] main thread busy for 69ms
⏱️ [hitch] main thread busy for 52ms
⏱️ [hitch] main thread busy for 45ms
⏱️ [hitch] main thread busy for 65ms
⏱️ [hitch] main thread busy for 53ms
⏱️ [hitch] main thread busy for 46ms
⏱️ [hitch] main thread busy for 51ms
⏱️ [hitch] main thread busy for 57ms
⏱️ [hitch] main thread busy for 62ms
⏱️ [hitch] main thread busy for 62ms
⏱️ [hitch] main thread busy for 44ms
⏱️ [hitch] main thread busy for 57ms
⏱️ [hitch] main thread busy for 63ms
⏱️ [hitch] main thread busy for 61ms
⏱️ [hitch] main thread busy for 47ms
⏱️ [hitch] main thread busy for 56ms
⏱️ [hitch] main thread busy for 66ms
⏱️ [hitch] main thread busy for 63ms
⏱️ [hitch] main thread busy for 71ms
⏱️ [hitch] main thread busy for 58ms
⏱️ [hitch] main thread busy for 63ms
⏱️ [hitch] main thread busy for 42ms
⏱️ [hitch] main thread busy for 62ms
⏱️ [hitch] main thread busy for 54ms
⏱️ [hitch] main thread busy for 56ms
⏱️ [hitch] main thread busy for 62ms
⏱️ [hitch] main thread busy for 57ms
⏱️ [hitch] main thread busy for 52ms
⏱️ [hitch] main thread busy for 70ms
⏱️ [hitch] main thread busy for 66ms
⏱️ [hitch] main thread busy for 64ms
⏱️ [hitch] main thread busy for 59ms
⏱️ [hitch] main thread busy for 47ms
⏱️ [hitch] main thread busy for 60ms
⏱️ [hitch] main thread busy for 44ms
⏱️ [hitch] main thread busy for 58ms
⏱️ [hitch] main thread busy for 58ms
⏱️ [hitch] main thread busy for 41ms
⏱️ [hitch] main thread busy for 64ms
⏱️ [hitch] main thread busy for 49ms
⏱️ [hitch] main thread busy for 47ms
⏱️ [hitch] main thread busy for 56ms
⏱️ [hitch] main thread busy for 45ms
⏱️ [hitch] main thread busy for 60ms
⏱️ [hitch] main thread busy for 42ms
⏱️ [hitch] main thread busy for 41ms
⏱️ [hitch] main thread busy for 43ms
⏱️ [hitch] main thread busy for 69ms
⏱️ [hitch] main thread busy for 43ms
⏱️ [hitch] main thread busy for 64ms
⏱️ [hitch] main thread busy for 53ms
⏱️ [hitch] main thread busy for 45ms
⏱️ [hitch] main thread busy for 66ms
⏱️ [hitch] main thread busy for 65ms
⏱️ [hitch] main thread busy for 65ms
⏱️ [hitch] main thread busy for 47ms
⏱️ [hitch] main thread busy for 43ms
⏱️ [hitch] main thread busy for 64ms
⏱️ [hitch] main thread busy for 40ms
⏱️ [hitch] main thread busy for 54ms
⏱️ [hitch] main thread busy for 47ms
⏱️ [hitch] main thread busy for 64ms
⏱️ [hitch] main thread busy for 43ms
⏱️ [hitch] main thread busy for 47ms
⏱️ [hitch] main thread busy for 65ms
⏱️ [hitch] main thread busy for 43ms
⏱️ [hitch] main thread busy for 64ms
⏱️ [hitch] main thread busy for 41ms
⏱️ [hitch] main thread busy for 62ms
⏱️ [hitch] main thread busy for 66ms
⏱️ [hitch] main thread busy for 46ms
⏱️ [hitch] main thread busy for 64ms
⏱️ [hitch] main thread busy for 41ms
⏱️ [hitch] main thread busy for 61ms
⏱️ [hitch] main thread busy for 67ms
⏱️ [hitch] main thread busy for 40ms
⏱️ [hitch] main thread busy for 59ms
⏱️ [hitch] main thread busy for 51ms
⏱️ [hitch] main thread busy for 68ms
⏱️ [hitch] main thread busy for 43ms
⏱️ [hitch] main thread busy for 65ms
⏱️ [hitch] main thread busy for 61ms
⏱️ [hitch] main thread busy for 43ms
⏱️ [hitch] main thread busy for 54ms
⏱️ [hitch] main thread busy for 66ms
⏱️ [hitch] main thread busy for 56ms
⏱️ [hitch] main thread busy for 68ms
⏱️ [hitch] main thread busy for 53ms
⏱️ [hitch] main thread busy for 63ms
⏱️ [hitch] main thread busy for 43ms
⏱️ [hitch] main thread busy for 47ms
⏱️ [hitch] main thread busy for 62ms
⏱️ [hitch] main thread busy for 45ms
⏱️ [hitch] main thread busy for 41ms
⏱️ [hitch] main thread busy for 62ms
⏱️ [hitch] main thread busy for 43ms
⏱️ [hitch] main thread busy for 45ms
⏱️ [hitch] main thread busy for 52ms
⏱️ [hitch] main thread busy for 67ms
⏱️ [hitch] main thread busy for 52ms
⏱️ [hitch] main thread busy for 64ms
⏱️ [hitch] main thread busy for 40ms
⏱️ [hitch] main thread busy for 66ms
⏱️ [hitch] main thread busy for 42ms
⏱️ [hitch] main thread busy for 48ms
⏱️ [hitch] main thread busy for 65ms
⏱️ [hitch] main thread busy for 65ms
⏱️ [hitch] main thread busy for 50ms
⏱️ [hitch] main thread busy for 47ms
⏱️ [hitch] main thread busy for 62ms
⏱️ [hitch] main thread busy for 52ms
⏱️ [hitch] main thread busy for 48ms
⏱️ [hitch] main thread busy for 74ms
⏱️ [hitch] main thread busy for 43ms
⏱️ [hitch] main thread busy for 43ms
⏱️ [hitch] main thread busy for 61ms
⏱️ [hitch] main thread busy for 67ms
⏱️ [hitch] main thread busy for 42ms
⏱️ [hitch] main thread busy for 55ms
⏱️ [hitch] main thread busy for 65ms
⏱️ [hitch] main thread busy for 43ms
⏱️ [hitch] main thread busy for 49ms
⏱️ [hitch] main thread busy for 63ms
⏱️ [hitch] main thread busy for 70ms
⏱️ [hitch] main thread busy for 46ms
⏱️ [hitch] main thread busy for 48ms
⏱️ [hitch] main thread busy for 56ms
⏱️ [hitch] main thread busy for 49ms
⏱️ [hitch] main thread busy for 57ms
⏱️ [hitch] main thread busy for 66ms
⏱️ [hitch] main thread busy for 53ms
⏱️ [hitch] main thread busy for 54ms
⏱️ [hitch] main thread busy for 66ms
⏱️ [hitch] main thread busy for 69ms
⏱️ [hitch] main thread busy for 43ms
⏱️ [hitch] main thread busy for 55ms
⏱️ [hitch] main thread busy for 64ms
⏱️ [hitch] main thread busy for 64ms
⏱️ [hitch] main thread busy for 47ms
⏱️ [hitch] main thread busy for 64ms
⏱️ [hitch] main thread busy for 64ms
⏱️ [hitch] main thread busy for 54ms
⏱️ [hitch] main thread busy for 49ms
⏱️ [hitch] main thread busy for 49ms
⏱️ [hitch] main thread busy for 58ms
⏱️ [hitch] main thread busy for 44ms
⏱️ [hitch] main thread busy for 41ms
⏱️ [hitch] main thread busy for 65ms
⏱️ [hitch] main thread busy for 45ms
⏱️ [hitch] main thread busy for 71ms
⏱️ [hitch] main thread busy for 41ms
⏱️ [hitch] main thread busy for 55ms
⏱️ [hitch] main thread busy for 63ms
⏱️ [hitch] main thread busy for 42ms
⏱️ [hitch] main thread busy for 54ms
⏱️ [hitch] main thread busy for 49ms
⏱️ [hitch] main thread busy for 64ms
⏱️ [hitch] main thread busy for 42ms
⏱️ [hitch] main thread busy for 65ms
⏱️ [hitch] main thread busy for 69ms
⏱️ [hitch] main thread busy for 54ms
⏱️ [hitch] main thread busy for 46ms
⏱️ [hitch] main thread busy for 58ms
⏱️ [hitch] main thread busy for 47ms
⏱️ [hitch] main thread busy for 64ms
⏱️ [hitch] main thread busy for 63ms
⏱️ [hitch] main thread busy for 62ms
⏱️ [hitch] main thread busy for 42ms
⏱️ [hitch] main thread busy for 41ms
⏱️ [hitch] main thread busy for 55ms
⏱️ [hitch] main thread busy for 43ms
⏱️ [hitch] main thread busy for 58ms
⏱️ [hitch] main thread busy for 56ms
⏱️ [hitch] main thread busy for 54ms
⏱️ [hitch] main thread busy for 48ms
⏱️ [hitch] main thread busy for 43ms
⏱️ [hitch] main thread busy for 51ms
⏱️ [hitch] main thread busy for 53ms
⏱️ [hitch] main thread busy for 52ms
⏱️ [hitch] main thread busy for 40ms
⏱️ [hitch] main thread busy for 51ms
⏱️ [hitch] main thread busy for 57ms
⏱️ [hitch] main thread busy for 43ms
⏱️ [hitch] main thread busy for 43ms
⏱️ [hitch] main thread busy for 65ms
⏱️ [hitch] main thread busy for 41ms
⏱️ [hitch] main thread busy for 58ms
⏱️ [hitch] main thread busy for 42ms
⏱️ [hitch] main thread busy for 41ms
⏱️ [hitch] main thread busy for 44ms
⏱️ [hitch] main thread busy for 67ms
⏱️ [hitch] main thread busy for 54ms
⏱️ [hitch] main thread busy for 43ms
⏱️ [hitch] main thread busy for 59ms
⏱️ [hitch] main thread busy for 65ms
⏱️ [hitch] main thread busy for 63ms
⏱️ [hitch] main thread busy for 58ms
⏱️ [hitch] main thread busy for 43ms
⏱️ [hitch] main thread busy for 52ms
⏱️ [hitch] main thread busy for 59ms
⏱️ [hitch] main thread busy for 41ms
⏱️ [hitch] main thread busy for 62ms
⏱️ [hitch] main thread busy for 41ms
⏱️ [hitch] main thread busy for 44ms
⏱️ [hitch] main thread busy for 67ms
⏱️ [hitch] main thread busy for 42ms
⏱️ [hitch] main thread busy for 48ms
⏱️ [hitch] main thread busy for 68ms
⏱️ [hitch] main thread busy for 44ms
⏱️ [hitch] main thread busy for 66ms
⏱️ [hitch] main thread busy for 63ms
⏱️ [hitch] main thread busy for 46ms
⏱️ [hitch] main thread busy for 70ms
⏱️ [hitch] main thread busy for 63ms
⏱️ [hitch] main thread busy for 66ms
⏱️ [hitch] main thread busy for 61ms
⏱️ [hitch] main thread busy for 41ms
⏱️ [hitch] main thread busy for 56ms
⏱️ [hitch] main thread busy for 43ms
⏱️ [hitch] main thread busy for 43ms
⏱️ [hitch] main thread busy for 46ms
⏱️ [hitch] main thread busy for 43ms
⏱️ [hitch] main thread busy for 64ms
⏱️ [hitch] main thread busy for 43ms
⏱️ [hitch] main thread busy for 58ms
⏱️ [hitch] main thread busy for 41ms
⏱️ [hitch] main thread busy for 57ms
⏱️ [hitch] main thread busy for 43ms
⏱️ [hitch] main thread busy for 50ms
⏱️ [hitch] main thread busy for 61ms
⏱️ [hitch] main thread busy for 72ms
⏱️ [hitch] main thread busy for 51ms
⏱️ [hitch] main thread busy for 67ms
⏱️ [hitch] main thread busy for 61ms
⏱️ [hitch] main thread busy for 42ms
⏱️ [hitch] main thread busy for 44ms
⏱️ [hitch] main thread busy for 42ms
⏱️ [hitch] main thread busy for 44ms
⏱️ [hitch] main thread busy for 64ms
⏱️ [hitch] main thread busy for 45ms
⏱️ [hitch] main thread busy for 67ms
⏱️ [hitch] main thread busy for 49ms
⏱️ [hitch] main thread busy for 40ms
⏱️ [hitch] main thread busy for 64ms
⏱️ [hitch] main thread busy for 61ms
⏱️ [hitch] main thread busy for 65ms
⏱️ [hitch] main thread busy for 67ms
⏱️ [hitch] main thread busy for 42ms
⏱️ [hitch] main thread busy for 52ms
⏱️ [hitch] main thread busy for 56ms
⏱️ [hitch] main thread busy for 41ms
⏱️ [hitch] main thread busy for 53ms
⏱️ [hitch] main thread busy for 43ms
⏱️ [hitch] main thread busy for 65ms
⏱️ [hitch] main thread busy for 43ms
⏱️ [hitch] main thread busy for 60ms
⏱️ [hitch] main thread busy for 41ms
⏱️ [hitch] main thread busy for 63ms
⏱️ [hitch] main thread busy for 61ms
⏱️ [hitch] main thread busy for 40ms
⏱️ [hitch] main thread busy for 49ms
⏱️ [hitch] main thread busy for 44ms
⏱️ [hitch] main thread busy for 57ms
⏱️ [hitch] main thread busy for 69ms
⏱️ [hitch] main thread busy for 66ms
⏱️ [hitch] main thread busy for 65ms
⏱️ [hitch] main thread busy for 41ms
⏱️ [hitch] main thread busy for 75ms
⏱️ [hitch] main thread busy for 50ms
⏱️ [hitch] main thread busy for 43ms
⏱️ [hitch] main thread busy for 59ms
⏱️ [hitch] main thread busy for 57ms
⏱️ [hitch] main thread busy for 41ms
⏱️ [hitch] main thread busy for 63ms
⏱️ [hitch] main thread busy for 64ms
⏱️ [hitch] main thread busy for 60ms
⏱️ [hitch] main thread busy for 56ms
⏱️ [hitch] main thread busy for 59ms
⏱️ [hitch] main thread busy for 67ms
⏱️ [hitch] main thread busy for 69ms
⏱️ [hitch] main thread busy for 64ms
⏱️ [hitch] main thread busy for 50ms
⏱️ [hitch] main thread busy for 45ms
⏱️ [hitch] main thread busy for 76ms
⏱️ [hitch] main thread busy for 74ms
⏱️ [hitch] main thread busy for 41ms
⏱️ [hitch] main thread busy for 50ms
⏱️ [hitch] main thread busy for 64ms
⏱️ [hitch] main thread busy for 61ms
⏱️ [hitch] main thread busy for 58ms
⏱️ [hitch] main thread busy for 51ms
⏱️ [hitch] main thread busy for 54ms
⏱️ [hitch] main thread busy for 47ms
⏱️ [hitch] main thread busy for 68ms
⏱️ [hitch] main thread busy for 45ms
⏱️ [hitch] main thread busy for 54ms
⏱️ [hitch] main thread busy for 54ms
⏱️ [hitch] main thread busy for 42ms
⏱️ [hitch] main thread busy for 59ms
⏱️ [hitch] main thread busy for 45ms
⏱️ [hitch] main thread busy for 46ms
⏱️ [hitch] main thread busy for 66ms
⏱️ [hitch] main thread busy for 54ms
⏱️ [hitch] main thread busy for 63ms
⏱️ [hitch] main thread busy for 73ms
⏱️ [hitch] main thread busy for 47ms
⏱️ [hitch] main thread busy for 48ms
⏱️ [hitch] main thread busy for 57ms
⏱️ [hitch] main thread busy for 54ms
⏱️ [hitch] main thread busy for 41ms
⏱️ [hitch] main thread busy for 52ms
⏱️ [hitch] main thread busy for 63ms
⏱️ [hitch] main thread busy for 54ms
⏱️ [hitch] main thread busy for 63ms
⏱️ [hitch] main thread busy for 63ms
⏱️ [hitch] main thread busy for 50ms
⏱️ [hitch] main thread busy for 58ms
⏱️ [hitch] main thread busy for 40ms
⏱️ [hitch] main thread busy for 61ms
⏱️ [hitch] main thread busy for 45ms
⏱️ [hitch] main thread busy for 52ms
⏱️ [hitch] main thread busy for 63ms
⏱️ [hitch] main thread busy for 50ms
⏱️ [hitch] main thread busy for 53ms
⏱️ [hitch] main thread busy for 63ms
⏱️ [hitch] main thread busy for 52ms
⏱️ [hitch] main thread busy for 42ms
⏱️ [hitch] main thread busy for 60ms
⏱️ [hitch] main thread busy for 61ms
⏱️ [hitch] main thread busy for 60ms
⏱️ [hitch] main thread busy for 41ms
⏱️ [hitch] main thread busy for 70ms
⏱️ [hitch] main thread busy for 61ms
⏱️ [hitch] main thread busy for 52ms
⏱️ [hitch] main thread busy for 67ms
⏱️ [hitch] main thread busy for 66ms
⏱️ [hitch] main thread busy for 68ms
⏱️ [hitch] main thread busy for 55ms
⏱️ [hitch] main thread busy for 59ms
⏱️ [hitch] main thread busy for 55ms
⏱️ [hitch] main thread busy for 70ms
⏱️ [hitch] main thread busy for 43ms
⏱️ [hitch] main thread busy for 53ms
⏱️ [hitch] main thread busy for 60ms
⏱️ [hitch] main thread busy for 70ms
⏱️ [hitch] main thread busy for 43ms
⏱️ [hitch] main thread busy for 41ms
⏱️ [hitch] main thread busy for 61ms
⏱️ [hitch] main thread busy for 67ms
⏱️ [hitch] main thread busy for 56ms
⏱️ [hitch] main thread busy for 40ms
⏱️ [hitch] main thread busy for 62ms
⏱️ [hitch] main thread busy for 68ms
⏱️ [hitch] main thread busy for 57ms
⏱️ [hitch] main thread busy for 40ms
⏱️ [hitch] main thread busy for 42ms
⏱️ [hitch] main thread busy for 62ms
⏱️ [hitch] main thread busy for 56ms
⏱️ [hitch] main thread busy for 59ms
⏱️ [hitch] main thread busy for 51ms
⏱️ [hitch] main thread busy for 52ms
⏱️ [hitch] main thread busy for 69ms
⏱️ [hitch] main thread busy for 64ms
⏱️ [hitch] main thread busy for 56ms
⏱️ [hitch] main thread busy for 71ms
⏱️ [hitch] main thread busy for 62ms
⏱️ [hitch] main thread busy for 42ms
⏱️ [hitch] main thread busy for 58ms
⏱️ [hitch] main thread busy for 47ms
⏱️ [hitch] main thread busy for 49ms
⏱️ [hitch] main thread busy for 41ms
⏱️ [hitch] main thread busy for 51ms
⏱️ [hitch] main thread busy for 41ms
⏱️ [hitch] main thread busy for 50ms
⏱️ [hitch] main thread busy for 41ms
⏱️ [hitch] main thread busy for 65ms
⏱️ [hitch] main thread busy for 45ms
⏱️ [hitch] main thread busy for 55ms
⏱️ [hitch] main thread busy for 40ms
⏱️ [hitch] main thread busy for 56ms
⏱️ [hitch] main thread busy for 44ms
⏱️ [hitch] main thread busy for 49ms
⏱️ [hitch] main thread busy for 45ms
⏱️ [hitch] main thread busy for 64ms
⏱️ [hitch] main thread busy for 49ms
⏱️ [hitch] main thread busy for 53ms
⏱️ [hitch] main thread busy for 59ms
⏱️ [hitch] main thread busy for 45ms
⏱️ [hitch] main thread busy for 66ms
⏱️ [hitch] main thread busy for 46ms
⏱️ [hitch] main thread busy for 41ms
⏱️ [hitch] main thread busy for 42ms
⏱️ [hitch] main thread busy for 52ms
⏱️ [hitch] main thread busy for 69ms
⏱️ [hitch] main thread busy for 45ms
⏱️ [hitch] main thread busy for 61ms
⏱️ [hitch] main thread busy for 49ms
⏱️ [hitch] main thread busy for 65ms
⏱️ [hitch] main thread busy for 45ms
⏱️ [hitch] main thread busy for 45ms
⏱️ [hitch] main thread busy for 56ms
⏱️ [hitch] main thread busy for 64ms
⏱️ [hitch] main thread busy for 40ms
⏱️ [hitch] main thread busy for 61ms
⏱️ [hitch] main thread busy for 59ms
⏱️ [hitch] main thread busy for 47ms
⏱️ [hitch] main thread busy for 55ms
⏱️ [hitch] main thread busy for 60ms
⏱️ [hitch] main thread busy for 43ms
⏱️ [hitch] main thread busy for 44ms
⏱️ [hitch] main thread busy for 64ms
⏱️ [hitch] main thread busy for 60ms
⏱️ [hitch] main thread busy for 54ms
⏱️ [hitch] main thread busy for 43ms
⏱️ [hitch] main thread busy for 59ms
⏱️ [hitch] main thread busy for 55ms
⏱️ [hitch] main thread busy for 52ms
⏱️ [hitch] main thread busy for 52ms
⏱️ [hitch] main thread busy for 49ms
⏱️ [hitch] main thread busy for 57ms
⏱️ [hitch] main thread busy for 62ms
⏱️ [hitch] main thread busy for 66ms
⏱️ [hitch] main thread busy for 64ms
⏱️ [hitch] main thread busy for 44ms
⏱️ [hitch] main thread busy for 42ms
⏱️ [hitch] main thread busy for 53ms
⏱️ [hitch] main thread busy for 64ms
⏱️ [hitch] main thread busy for 47ms
⏱️ [hitch] main thread busy for 41ms
⏱️ [hitch] main thread busy for 56ms
⏱️ [hitch] main thread busy for 69ms
⏱️ [hitch] main thread busy for 65ms
⏱️ [hitch] main thread busy for 42ms
⏱️ [hitch] main thread busy for 51ms
⏱️ [hitch] main thread busy for 59ms
⏱️ [hitch] main thread busy for 63ms
⏱️ [hitch] main thread busy for 65ms
⏱️ [hitch] main thread busy for 41ms
⏱️ [hitch] main thread busy for 42ms
⏱️ [hitch] main thread busy for 64ms
⏱️ [hitch] main thread busy for 64ms
⏱️ [hitch] main thread busy for 53ms
⏱️ [hitch] main thread busy for 68ms
⏱️ [hitch] main thread busy for 41ms
⏱️ [hitch] main thread busy for 40ms
⏱️ [hitch] main thread busy for 62ms
⏱️ [hitch] main thread busy for 42ms
⏱️ [hitch] main thread busy for 42ms
⏱️ [hitch] main thread busy for 58ms
⏱️ [hitch] main thread busy for 50ms
⏱️ [hitch] main thread busy for 50ms
⏱️ [hitch] main thread busy for 53ms
⏱️ [hitch] main thread busy for 51ms
⏱️ [hitch] main thread busy for 53ms
⏱️ [hitch] main thread busy for 49ms
⏱️ [hitch] main thread busy for 42ms
⏱️ [hitch] main thread busy for 52ms
⏱️ [hitch] main thread busy for 61ms
⏱️ [hitch] main thread busy for 54ms
⏱️ [hitch] main thread busy for 69ms
⏱️ [hitch] main thread busy for 54ms
⏱️ [hitch] main thread busy for 50ms
⏱️ [hitch] main thread busy for 72ms
⏱️ [hitch] main thread busy for 65ms
⏱️ [hitch] main thread busy for 66ms
⏱️ [hitch] main thread busy for 53ms
⏱️ [hitch] main thread busy for 61ms
⏱️ [hitch] main thread busy for 55ms
⏱️ [hitch] main thread busy for 44ms
⏱️ [hitch] main thread busy for 65ms
⏱️ [hitch] main thread busy for 40ms
⏱️ [hitch] main thread busy for 56ms
⏱️ [hitch] main thread busy for 66ms
⏱️ [hitch] main thread busy for 52ms
⏱️ [hitch] main thread busy for 41ms
⏱️ [hitch] main thread busy for 63ms
⏱️ [hitch] main thread busy for 62ms
⏱️ [hitch] main thread busy for 55ms
⏱️ [hitch] main thread busy for 47ms
⏱️ [hitch] main thread busy for 42ms
⏱️ [hitch] main thread busy for 62ms
⏱️ [hitch] main thread busy for 42ms
⏱️ [hitch] main thread busy for 49ms
⏱️ [hitch] main thread busy for 59ms
⏱️ [hitch] main thread busy for 62ms
⏱️ [hitch] main thread busy for 50ms
⏱️ [hitch] main thread busy for 42ms
⏱️ [hitch] main thread busy for 42ms
⏱️ [hitch] main thread busy for 51ms
⏱️ [hitch] main thread busy for 61ms
⏱️ [hitch] main thread busy for 45ms
⏱️ [hitch] main thread busy for 67ms
⏱️ [hitch] main thread busy for 42ms
⏱️ [hitch] main thread busy for 73ms
⏱️ [hitch] main thread busy for 56ms
⏱️ [hitch] main thread busy for 63ms
⏱️ [hitch] main thread busy for 54ms
⏱️ [hitch] main thread busy for 43ms
⏱️ [hitch] main thread busy for 42ms
⏱️ [hitch] main thread busy for 63ms
⏱️ [hitch] main thread busy for 64ms
⏱️ [hitch] main thread busy for 67ms
⏱️ [hitch] main thread busy for 41ms
⏱️ [hitch] main thread busy for 68ms
⏱️ [hitch] main thread busy for 43ms
⏱️ [hitch] main thread busy for 54ms
⏱️ [hitch] main thread busy for 65ms
⏱️ [hitch] main thread busy for 52ms
⏱️ [hitch] main thread busy for 50ms
⏱️ [hitch] main thread busy for 67ms
⏱️ [hitch] main thread busy for 42ms
⏱️ [hitch] main thread busy for 60ms
⏱️ [hitch] main thread busy for 61ms
⏱️ [hitch] main thread busy for 48ms
⏱️ [hitch] main thread busy for 71ms
⏱️ [hitch] main thread busy for 64ms
⏱️ [hitch] main thread busy for 42ms
⏱️ [hitch] main thread busy for 65ms
⏱️ [hitch] main thread busy for 57ms
⏱️ [hitch] main thread busy for 57ms
⏱️ [hitch] main thread busy for 64ms
⏱️ [hitch] main thread busy for 46ms
⏱️ [hitch] main thread busy for 65ms
⏱️ [hitch] main thread busy for 54ms
⏱️ [hitch] main thread busy for 66ms
⏱️ [hitch] main thread busy for 64ms
⏱️ [hitch] main thread busy for 59ms
⏱️ [hitch] main thread busy for 42ms
⏱️ [hitch] main thread busy for 63ms
⏱️ [hitch] main thread busy for 58ms
⏱️ [hitch] main thread busy for 64ms
⏱️ [hitch] main thread busy for 40ms
⏱️ [hitch] main thread busy for 60ms
⏱️ [hitch] main thread busy for 58ms
⏱️ [hitch] main thread busy for 42ms
⏱️ [hitch] main thread busy for 60ms
⏱️ [hitch] main thread busy for 63ms
⏱️ [hitch] main thread busy for 50ms
⏱️ [hitch] main thread busy for 67ms
⏱️ [hitch] main thread busy for 62ms
⏱️ [hitch] main thread busy for 56ms
⏱️ [hitch] main thread busy for 68ms
⏱️ [hitch] main thread busy for 42ms
⏱️ [hitch] main thread busy for 68ms
⏱️ [hitch] main thread busy for 65ms
⏱️ [hitch] main thread busy for 62ms
⏱️ [hitch] main thread busy for 46ms
⏱️ [hitch] main thread busy for 63ms
⏱️ [hitch] main thread busy for 42ms
⏱️ [hitch] main thread busy for 58ms
⏱️ [hitch] main thread busy for 59ms
⏱️ [hitch] main thread busy for 64ms
⏱️ [hitch] main thread busy for 54ms
⏱️ [hitch] main thread busy for 46ms
⏱️ [hitch] main thread busy for 71ms
⏱️ [hitch] main thread busy for 56ms
⏱️ [hitch] main thread busy for 61ms
⏱️ [hitch] main thread busy for 63ms
⏱️ [hitch] main thread busy for 42ms
⏱️ [hitch] main thread busy for 41ms
⏱️ [hitch] main thread busy for 41ms
⏱️ [hitch] main thread busy for 67ms
⏱️ [hitch] main thread busy for 45ms
⏱️ [hitch] main thread busy for 59ms
⏱️ [hitch] main thread busy for 71ms
⏱️ [hitch] main thread busy for 66ms
⏱️ [hitch] main thread busy for 43ms
⏱️ [hitch] main thread busy for 58ms
⏱️ [hitch] main thread busy for 67ms
⏱️ [hitch] main thread busy for 59ms
⏱️ [hitch] main thread busy for 65ms
⏱️ [hitch] main thread busy for 44ms
⏱️ [hitch] main thread busy for 53ms
⏱️ [hitch] main thread busy for 41ms
⏱️ [hitch] main thread busy for 41ms
⏱️ [hitch] main thread busy for 52ms
⏱️ [hitch] main thread busy for 52ms
⏱️ [hitch] main thread busy for 68ms
⏱️ [hitch] main thread busy for 45ms
⏱️ [hitch] main thread busy for 65ms
⏱️ [hitch] main thread busy for 44ms
⏱️ [hitch] main thread busy for 65ms
⏱️ [hitch] main thread busy for 57ms
⏱️ [hitch] main thread busy for 51ms
⏱️ [hitch] main thread busy for 43ms
⏱️ [hitch] main thread busy for 58ms
⏱️ [hitch] main thread busy for 45ms
⏱️ [hitch] main thread busy for 68ms
⏱️ [hitch] main thread busy for 47ms
⏱️ [hitch] main thread busy for 61ms
⏱️ [hitch] main thread busy for 40ms
⏱️ [hitch] main thread busy for 52ms
⏱️ [hitch] main thread busy for 54ms
⏱️ [hitch] main thread busy for 66ms
⏱️ [hitch] main thread busy for 52ms
⏱️ [hitch] main thread busy for 43ms
⏱️ [hitch] main thread busy for 65ms
⏱️ [hitch] main thread busy for 43ms
⏱️ [hitch] main thread busy for 63ms
⏱️ [hitch] main thread busy for 47ms
⏱️ [hitch] main thread busy for 45ms
⏱️ [hitch] main thread busy for 66ms
⏱️ [hitch] main thread busy for 50ms
⏱️ [hitch] main thread busy for 63ms
⏱️ [hitch] main thread busy for 64ms
⏱️ [hitch] main thread busy for 56ms
⏱️ [hitch] main thread busy for 65ms
⏱️ [hitch] main thread busy for 40ms
⏱️ [hitch] main thread busy for 61ms
⏱️ [hitch] main thread busy for 52ms
⏱️ [hitch] main thread busy for 49ms
⏱️ [hitch] main thread busy for 43ms
⏱️ [hitch] main thread busy for 66ms
⏱️ [hitch] main thread busy for 54ms
⏱️ [hitch] main thread busy for 57ms
⏱️ [hitch] main thread busy for 55ms
⏱️ [hitch] main thread busy for 41ms
⏱️ [hitch] main thread busy for 61ms
⏱️ [hitch] main thread busy for 44ms
⏱️ [hitch] main thread busy for 64ms
⏱️ [hitch] main thread busy for 55ms
⏱️ [hitch] main thread busy for 60ms
⏱️ [hitch] main thread busy for 56ms
⏱️ [hitch] main thread busy for 60ms
⏱️ [hitch] main thread busy for 59ms
⏱️ [hitch] main thread busy for 44ms
⏱️ [hitch] main thread busy for 50ms
⏱️ [hitch] main thread busy for 53ms
⏱️ [hitch] main thread busy for 49ms
⏱️ [hitch] main thread busy for 64ms
⏱️ [hitch] main thread busy for 53ms
⏱️ [hitch] main thread busy for 69ms
⏱️ [hitch] main thread busy for 62ms
⏱️ [hitch] main thread busy for 52ms
⏱️ [hitch] main thread busy for 40ms
⏱️ [hitch] main thread busy for 44ms
⏱️ [hitch] main thread busy for 44ms
⏱️ [hitch] main thread busy for 41ms
⏱️ [hitch] main thread busy for 41ms
⏱️ [hitch] main thread busy for 48ms
⏱️ [hitch] main thread busy for 42ms
⏱️ [hitch] main thread busy for 44ms
⏱️ [hitch] main thread busy for 44ms
⏱️ [hitch] main thread busy for 44ms
⏱️ [hitch] main thread busy for 42ms
⏱️ [hitch] main thread busy for 43ms
⏱️ [hitch] main thread busy for 42ms
⏱️ [hitch] main thread busy for 40ms
⏱️ [hitch] main thread busy for 48ms
⏱️ [hitch] main thread busy for 43ms
⏱️ [hitch] main thread busy for 43ms
⏱️ [hitch] main thread busy for 41ms
⏱️ [hitch] main thread busy for 41ms
⏱️ [hitch] main thread busy for 44ms
⏱️ [hitch] main thread busy for 44ms
⏱️ [hitch] main thread busy for 48ms
⏱️ [hitch] main thread busy for 40ms
⏱️ [hitch] main thread busy for 41ms
⏱️ [hitch] main thread busy for 46ms
⏱️ [hitch] main thread busy for 52ms
⏱️ [hitch] main thread busy for 41ms
⏱️ [hitch] main thread busy for 54ms
⏱️ [hitch] main thread busy for 47ms
⏱️ [hitch] main thread busy for 42ms
⏱️ [hitch] main thread busy for 43ms
⏱️ [hitch] main thread busy for 55ms
⏱️ [hitch] main thread busy for 44ms
⏱️ [hitch] main thread busy for 66ms
⏱️ [hitch] main thread busy for 62ms
⏱️ [hitch] main thread busy for 47ms
⏱️ [hitch] main thread busy for 44ms
⏱️ [hitch] main thread busy for 58ms
⏱️ [hitch] main thread busy for 64ms
⏱️ [hitch] main thread busy for 46ms
⏱️ [hitch] main thread busy for 70ms
⏱️ [hitch] main thread busy for 48ms
⏱️ [hitch] main thread busy for 42ms
⏱️ [hitch] main thread busy for 43ms
⏱️ [hitch] main thread busy for 60ms
⏱️ [hitch] main thread busy for 65ms
⏱️ [hitch] main thread busy for 61ms
⏱️ [hitch] main thread busy for 59ms
⏱️ [hitch] main thread busy for 50ms
⏱️ [hitch] main thread busy for 65ms
⏱️ [hitch] main thread busy for 40ms
⏱️ [hitch] main thread busy for 63ms
⏱️ [hitch] main thread busy for 47ms
⏱️ [hitch] main thread busy for 46ms
⏱️ [hitch] main thread busy for 62ms
⏱️ [hitch] main thread busy for 47ms
⏱️ [hitch] main thread busy for 41ms
⏱️ [hitch] main thread busy for 42ms
⏱️ [hitch] main thread busy for 64ms
⏱️ [hitch] main thread busy for 47ms
⏱️ [hitch] main thread busy for 40ms
⏱️ [hitch] main thread busy for 57ms
⏱️ [hitch] main thread busy for 68ms
⏱️ [hitch] main thread busy for 50ms
⏱️ [hitch] main thread busy for 69ms
⏱️ [hitch] main thread busy for 45ms
⏱️ [hitch] main thread busy for 47ms
⏱️ [hitch] main thread busy for 53ms
⏱️ [hitch] main thread busy for 62ms
⏱️ [hitch] main thread busy for 63ms
⏱️ [hitch] main thread busy for 64ms
⏱️ [hitch] main thread busy for 41ms
⏱️ [hitch] main thread busy for 45ms
⏱️ [hitch] main thread busy for 42ms
⏱️ [hitch] main thread busy for 64ms
⏱️ [hitch] main thread busy for 46ms
⏱️ [hitch] main thread busy for 55ms
⏱️ [hitch] main thread busy for 66ms
⏱️ [hitch] main thread busy for 62ms
⏱️ [hitch] main thread busy for 41ms
⏱️ [hitch] main thread busy for 64ms
⏱️ [hitch] main thread busy for 62ms
⏱️ [hitch] main thread busy for 57ms
⏱️ [hitch] main thread busy for 66ms
⏱️ [hitch] main thread busy for 41ms
⏱️ [hitch] main thread busy for 62ms
⏱️ [hitch] main thread busy for 44ms
⏱️ [hitch] main thread busy for 53ms
⏱️ [hitch] main thread busy for 50ms
⏱️ [hitch] main thread busy for 48ms
⏱️ [hitch] main thread busy for 48ms
⏱️ [hitch] main thread busy for 48ms
⏱️ [hitch] main thread busy for 40ms
⏱️ [hitch] main thread busy for 62ms
⏱️ [hitch] main thread busy for 49ms
⏱️ [hitch] main thread busy for 67ms
⏱️ [hitch] main thread busy for 54ms
⏱️ [hitch] main thread busy for 42ms
⏱️ [hitch] main thread busy for 63ms
⏱️ [hitch] main thread busy for 45ms
⏱️ [hitch] main thread busy for 50ms
⏱️ [hitch] main thread busy for 68ms
⏱️ [hitch] main thread busy for 46ms
⏱️ [hitch] main thread busy for 63ms
⏱️ [hitch] main thread busy for 43ms
⏱️ [hitch] main thread busy for 43ms
⏱️ [hitch] main thread busy for 56ms
⏱️ [hitch] main thread busy for 51ms
⏱️ [hitch] main thread busy for 44ms
⏱️ [hitch] main thread busy for 41ms
⏱️ [hitch] main thread busy for 65ms
⏱️ [hitch] main thread busy for 46ms
⏱️ [hitch] main thread busy for 63ms
⏱️ [hitch] main thread busy for 48ms
⏱️ [hitch] main thread busy for 44ms
⏱️ [hitch] main thread busy for 40ms
⏱️ [hitch] main thread busy for 54ms
⏱️ [hitch] main thread busy for 44ms
⏱️ [hitch] main thread busy for 45ms
⏱️ [hitch] main thread busy for 59ms
⏱️ [hitch] main thread busy for 48ms
⏱️ [hitch] main thread busy for 47ms
⏱️ [hitch] main thread busy for 64ms
⏱️ [hitch] main thread busy for 61ms
⏱️ [hitch] main thread busy for 41ms
⏱️ [hitch] main thread busy for 51ms
⏱️ [hitch] main thread busy for 41ms
⏱️ [hitch] main thread busy for 42ms
⏱️ [hitch] main thread busy for 56ms
⏱️ [hitch] main thread busy for 44ms
⏱️ [hitch] main thread busy for 63ms
⏱️ [hitch] main thread busy for 55ms
⏱️ [hitch] main thread busy for 66ms
⏱️ [hitch] main thread busy for 54ms
⏱️ [hitch] main thread busy for 59ms
⏱️ [hitch] main thread busy for 48ms
⏱️ [hitch] main thread busy for 43ms
⏱️ [hitch] main thread busy for 46ms
⏱️ [hitch] main thread busy for 43ms
⏱️ [hitch] main thread busy for 54ms
⏱️ [hitch] main thread busy for 43ms
⏱️ [hitch] main thread busy for 40ms
⏱️ [hitch] main thread busy for 44ms
⏱️ [hitch] main thread busy for 63ms
⏱️ [hitch] main thread busy for 42ms
⏱️ [hitch] main thread busy for 56ms
⏱️ [hitch] main thread busy for 47ms
⏱️ [hitch] main thread busy for 58ms
⏱️ [hitch] main thread busy for 49ms
⏱️ [hitch] main thread busy for 64ms
⏱️ [hitch] main thread busy for 61ms
⏱️ [hitch] main thread busy for 64ms
⏱️ [hitch] main thread busy for 57ms
⏱️ [hitch] main thread busy for 66ms
⏱️ [hitch] main thread busy for 46ms
⏱️ [hitch] main thread busy for 52ms
⏱️ [hitch] main thread busy for 61ms
⏱️ [hitch] main thread busy for 42ms
⏱️ [hitch] main thread busy for 53ms
⏱️ [hitch] main thread busy for 57ms
⏱️ [hitch] main thread busy for 52ms
⏱️ [hitch] main thread busy for 45ms
⏱️ [hitch] main thread busy for 62ms
⏱️ [hitch] main thread busy for 43ms
⏱️ [hitch] main thread busy for 40ms
⏱️ [hitch] main thread busy for 62ms
⏱️ [hitch] main thread busy for 48ms
⏱️ [hitch] main thread busy for 57ms
⏱️ [hitch] main thread busy for 54ms
⏱️ [hitch] main thread busy for 65ms
⏱️ [hitch] main thread busy for 64ms
⏱️ [hitch] main thread busy for 66ms
⏱️ [hitch] main thread busy for 41ms
⏱️ [hitch] main thread busy for 62ms
⏱️ [hitch] main thread busy for 56ms
⏱️ [hitch] main thread busy for 64ms
⏱️ [hitch] main thread busy for 42ms
⏱️ [hitch] main thread busy for 44ms
⏱️ [hitch] main thread busy for 60ms
⏱️ [hitch] main thread busy for 42ms
⏱️ [hitch] main thread busy for 43ms
⏱️ [hitch] main thread busy for 40ms
⏱️ [hitch] main thread busy for 40ms
⏱️ [hitch] main thread busy for 63ms
⏱️ [hitch] main thread busy for 41ms
⏱️ [hitch] main thread busy for 64ms
⏱️ [hitch] main thread busy for 43ms
⏱️ [hitch] main thread busy for 65ms
⏱️ [hitch] main thread busy for 41ms
⏱️ [hitch] main thread busy for 41ms
⏱️ [hitch] main thread busy for 67ms
⏱️ [hitch] main thread busy for 59ms
⏱️ [hitch] main thread busy for 64ms
⏱️ [hitch] main thread busy for 63ms
⏱️ [hitch] main thread busy for 63ms
⏱️ [hitch] main thread busy for 44ms
⏱️ [hitch] main thread busy for 52ms
⏱️ [hitch] main thread busy for 55ms
⏱️ [hitch] main thread busy for 61ms
⏱️ [hitch] main thread busy for 65ms
⏱️ [hitch] main thread busy for 44ms
⏱️ [hitch] main thread busy for 68ms
⏱️ [hitch] main thread busy for 72ms
⏱️ [hitch] main thread busy for 64ms
⏱️ [hitch] main thread busy for 65ms
⏱️ [hitch] main thread busy for 58ms
⏱️ [hitch] main thread busy for 42ms
⏱️ [hitch] main thread busy for 55ms
⏱️ [hitch] main thread busy for 41ms
⏱️ [hitch] main thread busy for 61ms
⏱️ [hitch] main thread busy for 57ms
⏱️ [hitch] main thread busy for 53ms
⏱️ [hitch] main thread busy for 50ms
⏱️ [hitch] main thread busy for 66ms
⏱️ [hitch] main thread busy for 43ms
⏱️ [hitch] main thread busy for 45ms
⏱️ [hitch] main thread busy for 47ms
⏱️ [hitch] main thread busy for 41ms
⏱️ [hitch] main thread busy for 66ms
⏱️ [hitch] main thread busy for 50ms
⏱️ [hitch] main thread busy for 56ms
⏱️ [hitch] main thread busy for 65ms
⏱️ [hitch] main thread busy for 51ms
⏱️ [hitch] main thread busy for 53ms
⏱️ [hitch] main thread busy for 42ms
⏱️ [hitch] main thread busy for 68ms
⏱️ [hitch] main thread busy for 43ms
⏱️ [hitch] main thread busy for 43ms
⏱️ [hitch] main thread busy for 42ms
⏱️ [hitch] main thread busy for 68ms
⏱️ [hitch] main thread busy for 56ms
⏱️ [hitch] main thread busy for 62ms
⏱️ [hitch] main thread busy for 49ms
⏱️ [hitch] main thread busy for 65ms
⏱️ [hitch] main thread busy for 67ms
⏱️ [hitch] main thread busy for 51ms
⏱️ [hitch] main thread busy for 46ms
⏱️ [hitch] main thread busy for 54ms
⏱️ [hitch] main thread busy for 43ms
⏱️ [hitch] main thread busy for 51ms
⏱️ [hitch] main thread busy for 40ms
⏱️ [hitch] main thread busy for 63ms
⏱️ [hitch] main thread busy for 42ms
⏱️ [hitch] main thread busy for 65ms
⏱️ [hitch] main thread busy for 70ms
⏱️ [hitch] main thread busy for 64ms
⏱️ [hitch] main thread busy for 55ms
⏱️ [hitch] main thread busy for 46ms
⏱️ [hitch] main thread busy for 66ms
⏱️ [hitch] main thread busy for 49ms
⏱️ [hitch] main thread busy for 58ms
⏱️ [hitch] main thread busy for 44ms
⏱️ [hitch] main thread busy for 43ms
⏱️ [hitch] main thread busy for 63ms
⏱️ [hitch] main thread busy for 69ms
⏱️ [hitch] main thread busy for 57ms
⏱️ [hitch] main thread busy for 67ms
⏱️ [hitch] main thread busy for 55ms
⏱️ [hitch] main thread busy for 49ms
⏱️ [hitch] main thread busy for 50ms
⏱️ [hitch] main thread busy for 42ms
⏱️ [hitch] main thread busy for 56ms
⏱️ [hitch] main thread busy for 60ms
⏱️ [hitch] main thread busy for 55ms
⏱️ [hitch] main thread busy for 65ms
⏱️ [hitch] main thread busy for 44ms
⏱️ [hitch] main thread busy for 51ms
⏱️ [hitch] main thread busy for 51ms
⏱️ [hitch] main thread busy for 49ms
⏱️ [hitch] main thread busy for 57ms
⏱️ [hitch] main thread busy for 66ms
⏱️ [hitch] main thread busy for 47ms
⏱️ [hitch] main thread busy for 60ms
⏱️ [hitch] main thread busy for 63ms
⏱️ [hitch] main thread busy for 54ms
⏱️ [hitch] main thread busy for 41ms
⏱️ [hitch] main thread busy for 60ms
⏱️ [hitch] main thread busy for 43ms
⏱️ [hitch] main thread busy for 61ms
⏱️ [hitch] main thread busy for 65ms
⏱️ [hitch] main thread busy for 44ms
⏱️ [hitch] main thread busy for 42ms
⏱️ [hitch] main thread busy for 52ms
⏱️ [hitch] main thread busy for 44ms
⏱️ [hitch] main thread busy for 52ms
⏱️ [hitch] main thread busy for 51ms
⏱️ [hitch] main thread busy for 40ms
⏱️ [hitch] main thread busy for 44ms
⏱️ [hitch] main thread busy for 66ms
⏱️ [hitch] main thread busy for 40ms
⏱️ [hitch] main thread busy for 68ms
⏱️ [hitch] main thread busy for 45ms
⏱️ [hitch] main thread busy for 53ms
⏱️ [hitch] main thread busy for 42ms
⏱️ [hitch] main thread busy for 64ms
⏱️ [hitch] main thread busy for 42ms
⏱️ [hitch] main thread busy for 47ms
⏱️ [hitch] main thread busy for 41ms
⏱️ [hitch] main thread busy for 46ms
⏱️ [hitch] main thread busy for 44ms
⏱️ [hitch] main thread busy for 49ms
⏱️ [hitch] main thread busy for 42ms
⏱️ [hitch] main thread busy for 66ms
⏱️ [hitch] main thread busy for 41ms
⏱️ [hitch] main thread busy for 63ms
⏱️ [hitch] main thread busy for 57ms
⏱️ [hitch] main thread busy for 52ms
⏱️ [hitch] main thread busy for 66ms
⏱️ [hitch] main thread busy for 58ms
⏱️ [hitch] main thread busy for 67ms
⏱️ [hitch] main thread busy for 65ms
⏱️ [hitch] main thread busy for 57ms
⏱️ [hitch] main thread busy for 61ms
⏱️ [hitch] main thread busy for 54ms
⏱️ [hitch] main thread busy for 57ms
⏱️ [hitch] main thread busy for 40ms
⏱️ [hitch] main thread busy for 57ms
⏱️ [hitch] main thread busy for 44ms
⏱️ [hitch] main thread busy for 62ms
⏱️ [hitch] main thread busy for 46ms
⏱️ [hitch] main thread busy for 61ms
⏱️ [hitch] main thread busy for 65ms
⏱️ [hitch] main thread busy for 42ms
⏱️ [hitch] main thread busy for 57ms
⏱️ [hitch] main thread busy for 40ms
⏱️ [hitch] main thread busy for 52ms
⏱️ [hitch] main thread busy for 62ms
⏱️ [hitch] main thread busy for 60ms
⏱️ [hitch] main thread busy for 63ms
⏱️ [hitch] main thread busy for 44ms
⏱️ [hitch] main thread busy for 67ms
⏱️ [hitch] main thread busy for 58ms
⏱️ [hitch] main thread busy for 59ms
⏱️ [hitch] main thread busy for 57ms
⏱️ [hitch] main thread busy for 67ms
⏱️ [hitch] main thread busy for 47ms
⏱️ [hitch] main thread busy for 66ms
⏱️ [hitch] main thread busy for 40ms
⏱️ [hitch] main thread busy for 57ms
⏱️ [hitch] main thread busy for 63ms
⏱️ [hitch] main thread busy for 40ms
⏱️ [hitch] main thread busy for 70ms
⏱️ [hitch] main thread busy for 65ms
⏱️ [hitch] main thread busy for 61ms
⏱️ [hitch] main thread busy for 41ms
⏱️ [hitch] main thread busy for 45ms
⏱️ [hitch] main thread busy for 66ms
⏱️ [hitch] main thread busy for 41ms
⏱️ [hitch] main thread busy for 44ms
⏱️ [hitch] main thread busy for 64ms
⏱️ [hitch] main thread busy for 54ms
⏱️ [hitch] main thread busy for 54ms
⏱️ [hitch] main thread busy for 51ms
⏱️ [hitch] main thread busy for 48ms
⏱️ [hitch] main thread busy for 40ms
⏱️ [hitch] main thread busy for 52ms
⏱️ [hitch] main thread busy for 62ms
⏱️ [hitch] main thread busy for 55ms
⏱️ [hitch] main thread busy for 58ms
⏱️ [hitch] main thread busy for 42ms
⏱️ [hitch] main thread busy for 54ms
⏱️ [hitch] main thread busy for 55ms
⏱️ [hitch] main thread busy for 57ms
⏱️ [hitch] main thread busy for 43ms
⏱️ [hitch] main thread busy for 66ms
⏱️ [hitch] main thread busy for 54ms
⏱️ [hitch] main thread busy for 52ms
⏱️ [hitch] main thread busy for 44ms
⏱️ [hitch] main thread busy for 57ms
⏱️ [hitch] main thread busy for 57ms
⏱️ [hitch] main thread busy for 45ms
⏱️ [hitch] main thread busy for 42ms
⏱️ [hitch] main thread busy for 59ms
⏱️ [hitch] main thread busy for 46ms
⏱️ [hitch] main thread busy for 42ms
⏱️ [hitch] main thread busy for 58ms
⏱️ [hitch] main thread busy for 42ms
⏱️ [hitch] main thread busy for 49ms
⏱️ [hitch] main thread busy for 44ms
⏱️ [hitch] main thread busy for 54ms
⏱️ [hitch] main thread busy for 58ms
⏱️ [hitch] main thread busy for 41ms
⏱️ [hitch] main thread busy for 45ms
⏱️ [hitch] main thread busy for 56ms
⏱️ [hitch] main thread busy for 66ms
⏱️ [hitch] main thread busy for 56ms
⏱️ [hitch] main thread busy for 47ms
⏱️ [hitch] main thread busy for 42ms
⏱️ [hitch] main thread busy for 51ms
⏱️ [hitch] main thread busy for 46ms
⏱️ [hitch] main thread busy for 54ms
⏱️ [hitch] main thread busy for 49ms
⏱️ [hitch] main thread busy for 43ms
⏱️ [hitch] main thread busy for 52ms
⏱️ [hitch] main thread busy for 43ms
⏱️ [hitch] main thread busy for 64ms
⏱️ [hitch] main thread busy for 59ms
⏱️ [hitch] main thread busy for 65ms
⏱️ [hitch] main thread busy for 67ms
⏱️ [hitch] main thread busy for 47ms
⏱️ [hitch] main thread busy for 69ms
⏱️ [hitch] main thread busy for 59ms
⏱️ [hitch] main thread busy for 56ms
⏱️ [hitch] main thread busy for 54ms
⏱️ [hitch] main thread busy for 40ms
⏱️ [hitch] main thread busy for 61ms
⏱️ [hitch] main thread busy for 54ms
⏱️ [hitch] main thread busy for 41ms
⏱️ [hitch] main thread busy for 49ms
⏱️ [hitch] main thread busy for 51ms
⏱️ [hitch] main thread busy for 57ms
⏱️ [hitch] main thread busy for 67ms
⏱️ [hitch] main thread busy for 53ms
⏱️ [hitch] main thread busy for 67ms
⏱️ [hitch] main thread busy for 65ms
⏱️ [hitch] main thread busy for 40ms
⏱️ [hitch] main thread busy for 56ms
⏱️ [hitch] main thread busy for 63ms
⏱️ [hitch] main thread busy for 63ms
⏱️ [hitch] main thread busy for 43ms
⏱️ [hitch] main thread busy for 53ms
⏱️ [hitch] main thread busy for 66ms
⏱️ [hitch] main thread busy for 48ms
⏱️ [hitch] main thread busy for 64ms
⏱️ [hitch] main thread busy for 75ms
⏱️ [hitch] main thread busy for 45ms
⏱️ [hitch] main thread busy for 67ms
⏱️ [hitch] main thread busy for 49ms
⏱️ [hitch] main thread busy for 42ms
⏱️ [hitch] main thread busy for 42ms
⏱️ [hitch] main thread busy for 59ms
⏱️ [hitch] main thread busy for 41ms
⏱️ [hitch] main thread busy for 56ms
⏱️ [hitch] main thread busy for 65ms
⏱️ [hitch] main thread busy for 43ms
⏱️ [hitch] main thread busy for 46ms
⏱️ [hitch] main thread busy for 62ms
⏱️ [hitch] main thread busy for 41ms
⏱️ [hitch] main thread busy for 49ms
⏱️ [hitch] main thread busy for 62ms
⏱️ [hitch] main thread busy for 54ms
⏱️ [hitch] main thread busy for 68ms
⏱️ [hitch] main thread busy for 41ms
⏱️ [hitch] main thread busy for 50ms
⏱️ [hitch] main thread busy for 40ms
⏱️ [hitch] main thread busy for 69ms
⏱️ [hitch] main thread busy for 59ms
⏱️ [hitch] main thread busy for 44ms
⏱️ [hitch] main thread busy for 63ms
⏱️ [hitch] main thread busy for 56ms
⏱️ [hitch] main thread busy for 58ms
⏱️ [hitch] main thread busy for 57ms
⏱️ [hitch] main thread busy for 45ms
⏱️ [hitch] main thread busy for 57ms
⏱️ [hitch] main thread busy for 49ms
⏱️ [hitch] main thread busy for 123ms
⏱️ [hitch] main thread busy for 94ms
⏱️ [hitch] main thread busy for 149ms
⏱️ [hitch] main thread busy for 99ms
⏱️ [hitch] main thread busy for 49ms
⏱️ [hitch] main thread busy for 41ms
⏱️ [hitch] main thread busy for 51ms
⏱️ [hitch] main thread busy for 52ms
⏱️ [hitch] main thread busy for 67ms
⏱️ [hitch] main thread busy for 50ms
⏱️ [hitch] main thread busy for 51ms
⏱️ [hitch] main thread busy for 50ms
⏱️ [hitch] main thread busy for 42ms
⏱️ [hitch] main thread busy for 50ms
⏱️ [hitch] main thread busy for 62ms
⏱️ [hitch] main thread busy for 41ms
⏱️ [hitch] main thread busy for 55ms
⏱️ [hitch] main thread busy for 50ms
⏱️ [hitch] main thread busy for 44ms
⏱️ [hitch] main thread busy for 74ms
⏱️ [hitch] main thread busy for 59ms
⏱️ [hitch] main thread busy for 41ms
⏱️ [hitch] main thread busy for 40ms
⏱️ [hitch] main thread busy for 44ms
⏱️ [hitch] main thread busy for 40ms
⏱️ [hitch] main thread busy for 58ms
⏱️ [hitch] main thread busy for 42ms
⏱️ [hitch] main thread busy for 44ms
⏱️ [hitch] main thread busy for 41ms
⏱️ [hitch] main thread busy for 40ms
⏱️ [hitch] main thread busy for 65ms
⏱️ [hitch] main thread busy for 40ms
⏱️ [hitch] main thread busy for 55ms
⏱️ [hitch] main thread busy for 44ms
⏱️ [hitch] main thread busy for 357ms
⏱️ [hitch] main thread busy for 49ms
⏱️ [hitch] main thread busy for 79ms
⏱️ [hitch] main thread busy for 42ms
⏱️ [hitch] main thread busy for 51ms
⏱️ [hitch] main thread busy for 63ms
2026-09-25 07:03:48.939 Clicky[63958:10789893] TSM AdjustCapsLockLEDForKeyTransitionHandling - _ISSetPhysicalKeyboardCapsLockLED Inhibit
2026-09-25 07:03:48.959 Clicky[63958:10789893] error messaging the mach port for IMKCFRunLoopWakeUpReliable
⏱️ [hitch] main thread busy for 73ms
⏱️ [hitch] main thread busy for 45ms
🌐 Bailian streaming request: 0.4MB, 1 image(s), model=deepseek-flash @ DeepSeek
⏱️ [hitch] main thread busy for 41ms
⏱️ [hitch] main thread busy for 40ms
🗣️ Streaming speech: queued segment 1 (3 chars)
🔊 TTS 合成：model=qwen-audio-3.1-tts-flash voice=qwen-audio-3.1-tts-flash-zjm-7f08616cacf844bbbb165213d739f060 文本 3 字
🎯 Element pointing: no element
🧠 Conversation history: 10 exchanges (limit 10)
🗣️ Streaming speech: queued segment 2 (10 chars)
🌐 Bailian streaming request: 0.0MB, 0 image(s), model=deepseek-flash @ DeepSeek
🔊 TTS 合成：model=qwen-audio-3.1-tts-flash voice=qwen-audio-3.1-tts-flash-zjm-7f08616cacf844bbbb165213d739f060 文本 10 字
🎙️ BuddyDictationManager: continuous listening requested
🎙️ VoicePlaybackEngine: the listening tap will go on the playback engine (one engine for capture and playback — the reference's rule, 坑 1)
🔊 [aecprobe] t=1790291032.753 event=vpToggleBefore device="MacBook Pro麦克风" node=48000Hz/1ch vpEnabled=false agc=false
🔊 [aecprobe] t=1790291034.197 event=vpToggleAfter device="MacBook Pro麦克风" node=48000Hz/9ch vpEnabled=true agc=false
🔊 VoicePlaybackEngine: engine started (time-pitch node → mixer, echo cancellation requested, **实测 voiceProcessing=true AGC=false**, mixer 48000 Hz / input 48000 Hz 9 ch)
🔊 [aecprobe] t=1790291034.248 event=bringUp isRunning=true device="MacBook Pro麦克风" node=48000Hz/9ch vpEnabled=true agc=false
🎙️ BuddyDictationManager: listening tap installed on the shared TTS engine
🎙️ BuddyDictationManager: continuous listening started
🔊 VoicePlaybackEngine: engine started (time-pitch node → mixer, echo cancellation requested, **实测 voiceProcessing=true AGC=false**, mixer 48000 Hz / input 48000 Hz 9 ch)
🔊 [aecprobe] t=1790291034.248 event=bringUp isRunning=true device="MacBook Pro麦克风" node=48000Hz/9ch vpEnabled=true agc=false
🔊 [aecprobe] t=1790291034.258 event=chunkStart segment 1
🔊 Bailian TTS: playing segment 1 (45KB)
🔊 [aecprobe] t=1790291035.222 event=chunkStart segment 2
🔊 Bailian TTS: playing segment 2 (97KB)
💬 Clicky: compressed 10 aged-out exchanges into the conversation summary
🔊 [aecprobe] t=1790291037.074 event=chunkEnd (the whole reply played)
🔊 Streaming speech: playback loop exited (the whole reply played); 0 unplayed segment(s) dropped, first audio had started
🔥 语音聊天：音频引擎已预热
🎧 [event] session.created
💬 全双工会话：model=qwen-audio-3.0-realtime-flash voice=longanqian
🎙️ 全双工会话：麦克风 tap 已装好（共享播放引擎）
💬 Ask 语音电话已接通（会话 6F4618AA-793B-475A-A31C-EB557A2B6941，模型 qwen-audio-3.0-realtime-flash，音色 longanqian）
🎙️ 全双工会话：第一块上行音频已就绪（2720 字节）
🎙️ 上行块 #1（2720B）已发出
🎧 [event] session.updated（配置被接受）
💬 Ask 语音电话：会话配置已接受
🎙️ 上行块 #2（3200B）已发出
🎙️ 上行块 #3（64B）已发出
🎙️ 上行块 #50（64B）已发出
🎙️ 上行块 #100（2720B）已发出
🎙️ 上行块 #150（3200B）已发出
🎙️ 上行块 #200（3200B）已发出
🎙️ 上行块 #250（3200B）已发出
⏱️ [hitch] main thread busy for 149ms
⏱️ [hitch] main thread busy for 65ms
🎙️ 上行块 #300（64B）已发出
🎙️ 上行块 #350（64B）已发出
⏱️ [hitch] main thread busy for 168ms
⏱️ [hitch] main thread busy for 124ms
🎙️ 上行块 #400（64B）已发出
💬 Ask 语音电话已挂断
🔥 语音聊天：音频引擎已预热
🎧 [event] session.created
💬 全双工会话：model=qwen-audio-3.0-realtime-flash voice=longanqian
🎙️ 全双工会话：麦克风 tap 已装好（共享播放引擎）
💬 Ask 语音电话已接通（会话 6F4618AA-793B-475A-A31C-EB557A2B6941，模型 qwen-audio-3.0-realtime-flash，音色 longanqian）
🎙️ 全双工会话：第一块上行音频已就绪（2720 字节）
🎙️ 上行块 #1（2720B）已发出
🎧 [event] session.updated（配置被接受）
💬 Ask 语音电话：会话配置已接受
🎙️ 上行块 #2（3200B）已发出
🎙️ 上行块 #3（64B）已发出
🎙️ BuddyDictationManager: continuous listening window closing (listening window expired); playback idle
🎙️ BuddyDictationManager: continuous listening ended
⏱️ [hitch] main thread busy for 45ms
⏱️ [hitch] main thread busy for 45ms
⏱️ [hitch] main thread busy for 169ms
⏱️ [hitch] main thread busy for 83ms
⏱️ [hitch] main thread busy for 46ms
💬 Ask 语音电话已挂断
⏱️ [hitch] main thread busy for 157ms
⏱️ [hitch] main thread busy for 73ms
⏱️ [hitch] main thread busy for 55ms
⏱️ [hitch] main thread busy for 54ms
⏱️ [hitch] main thread busy for 64ms
⏱️ [hitch] main thread busy for 47ms
⏱️ [hitch] main thread busy for 43ms
⏱️ [hitch] main thread busy for 41ms
⏱️ [hitch] main thread busy for 52ms
⏱️ [hitch] main thread busy for 41ms
⏱️ [hitch] main thread busy for 47ms
⏱️ [hitch] main thread busy for 41ms
⏱️ [hitch] main thread busy for 41ms
⏱️ [hitch] main thread busy for 49ms
⏱️ [hitch] main thread busy for 46ms
⏱️ [hitch] main thread busy for 49ms
⏱️ [hitch] main thread busy for 55ms
⏱️ [hitch] main thread busy for 57ms
⏱️ [hitch] main thread busy for 44ms
⏱️ [hitch] main thread busy for 52ms
⏱️ [hitch] main thread busy for 41ms
⏱️ [hitch] main thread busy for 40ms
⏱️ [hitch] main thread busy for 41ms
⏱️ [hitch] main thread busy for 46ms
⏱️ [hitch] main thread busy for 42ms
⏱️ [hitch] main thread busy for 53ms
⏱️ [hitch] main thread busy for 41ms
⏱️ [hitch] main thread busy for 51ms
⏱️ [hitch] main thread busy for 44ms
⏱️ [hitch] main thread busy for 42ms
⏱️ [hitch] main thread busy for 56ms
⏱️ [hitch] main thread busy for 49ms
⏱️ [hitch] main thread busy for 51ms
⏱️ [hitch] main thread busy for 45ms
⏱️ [hitch] main thread busy for 51ms
⏱️ [hitch] main thread busy for 57ms
⏱️ [hitch] main thread busy for 45ms
⏱️ [hitch] main thread busy for 59ms
⏱️ [hitch] main thread busy for 42ms
⏱️ [hitch] main thread busy for 45ms
⏱️ [hitch] main thread busy for 45ms
⏱️ [hitch] main thread busy for 64ms
⏱️ [hitch] main thread busy for 52ms
⏱️ [hitch] main thread busy for 46ms
⏱️ [hitch] main thread busy for 41ms
⏱️ [hitch] main thread busy for 55ms
⏱️ [hitch] main thread busy for 41ms
⏱️ [hitch] main thread busy for 48ms
⏱️ [hitch] main thread busy for 46ms
⏱️ [hitch] main thread busy for 44ms
⏱️ [hitch] main thread busy for 58ms
⏱️ [hitch] main thread busy for 51ms
⏱️ [hitch] main thread busy for 52ms
⏱️ [hitch] main thread busy for 58ms
⏱️ [hitch] main thread busy for 48ms
⏱️ [hitch] main thread busy for 41ms
⏱️ [hitch] main thread busy for 51ms
⏱️ [hitch] main thread busy for 47ms
⏱️ [hitch] main thread busy for 50ms
⏱️ [hitch] main thread busy for 43ms
⏱️ [hitch] main thread busy for 43ms
⏱️ [hitch] main thread busy for 45ms
⏱️ [hitch] main thread busy for 42ms
⏱️ [hitch] main thread busy for 47ms
⏱️ [hitch] main thread busy for 49ms
⏱️ [hitch] main thread busy for 43ms
⏱️ [hitch] main thread busy for 44ms
⏱️ [hitch] main thread busy for 54ms
⏱️ [hitch] main thread busy for 174ms
⏱️ [hitch] main thread busy for 81ms
⏱️ [hitch] main thread busy for 45ms
⏱️ [hitch] main thread busy for 44ms
⏱️ [hitch] main thread busy for 58ms
⏱️ [hitch] main thread busy for 46ms
⏱️ [hitch] main thread busy for 49ms
⏱️ [hitch] main thread busy for 44ms
⏱️ [hitch] main thread busy for 44ms
⏱️ [hitch] main thread busy for 52ms
⏱️ [hitch] main thread busy for 45ms
⏱️ [hitch] main thread busy for 42ms
⏱️ [hitch] main thread busy for 50ms
⏱️ [hitch] main thread busy for 48ms
⏱️ [hitch] main thread busy for 43ms
⏱️ [hitch] main thread busy for 55ms
⏱️ [hitch] main thread busy for 60ms
⏱️ [hitch] main thread busy for 43ms
⏱️ [hitch] main thread busy for 43ms
⏱️ [hitch] main thread busy for 56ms
⏱️ [hitch] main thread busy for 42ms
⏱️ [hitch] main thread busy for 50ms
⏱️ [hitch] main thread busy for 48ms
⏱️ [hitch] main thread busy for 48ms
⏱️ [hitch] main thread busy for 49ms
⏱️ [hitch] main thread busy for 49ms
⏱️ [hitch] main thread busy for 49ms
⏱️ [hitch] main thread busy for 46ms
⏱️ [hitch] main thread busy for 43ms
⏱️ [hitch] main thread busy for 46ms
⏱️ [hitch] main thread busy for 48ms
⏱️ [hitch] main thread busy for 52ms
⏱️ [hitch] main thread busy for 47ms
⏱️ [hitch] main thread busy for 51ms
⏱️ [hitch] main thread busy for 82ms
⏱️ [hitch] main thread busy for 53ms
⏱️ [hitch] main thread busy for 43ms
⏱️ [hitch] main thread busy for 50ms
⏱️ [hitch] main thread busy for 170ms
🔥 语音聊天：音频引擎已预热
⏱️ [hitch] main thread busy for 126ms
💬 语音聊天开始连接：聊天类型=语音聊天 模式=全双工 预设=voice.duplex.3_0flash（全双工 3.0 Flash）
   识别=qwen-audio-3.0-realtime-flash 理解=qwen-audio-3.0-realtime-flash 表达=qwen-audio-3.0-realtime-flash
   音色=longanlingxin（族=全双工）画面=不允许
🔥 语音聊天：音频引擎已预热
⏱️ [hitch] main thread busy for 44ms
🎧 [event] session.created
💬 全双工会话：model=qwen-audio-3.0-realtime-flash voice=longanlingxin
🎙️ 全双工会话：麦克风 tap 已装好（共享播放引擎）
💬 语音聊天：全双工语音会话已开始（角色「默认角色」，模型 qwen-audio-3.0-realtime-flash，音色 longanlingxin）
🎙️ 全双工会话：第一块上行音频已就绪（2720 字节）
🎙️ 上行块 #1（2720B）已发出
🎧 [event] session.updated（配置被接受）
🎙️ 上行块 #2（3200B）已发出
🎙️ 上行块 #3（64B）已发出
🎧 [response.created] id=resp_BsPuPBJw8Of
🧾 [ai-text +2字] resp=resp_BsPuP 累计2字：「你好」
🧾 [ai-text +1字] resp=resp_BsPuP 累计3字：「！」
🧾 [ai-text +3字] resp=resp_BsPuP 累计6字：「很高兴」
🧾 [ai-text +2字] resp=resp_BsPuP 累计8字：「听到」
🧾 [ai-text +1字] resp=resp_BsPuP 累计9字：「你」
🧾 [ai-text +1字] resp=resp_BsPuP 累计10字：「。」
🧾 [ai-text +3字] resp=resp_BsPuP 累计13字：「有什么」
🧾 [ai-text +3字] resp=resp_BsPuP 累计16字：「我可以」
🧾 [ai-text +1字] resp=resp_BsPuP 累计17字：「帮」
🧾 [ai-text +2字] resp=resp_BsPuP 累计19字：「你的」
🧾 [ai-text +1字] resp=resp_BsPuP 累计20字：「吗」
🧾 [ai-text +1字] resp=resp_BsPuP 累计21字：「？」
🔊 [ai-audio块] resp=resp_BsPuP
💬 语音聊天：第一段音频已开始播 —— 状态切到「已连接」
🔊 [ai-audio块] resp=resp_BsPuP
🔊 [ai-audio块] resp=resp_BsPuP
🔊 [ai-audio块] resp=resp_BsPuP
🔊 [ai-audio块] resp=resp_BsPuP
🔊 [ai-audio块] resp=resp_BsPuP
🔊 [ai-audio块] resp=resp_BsPuP
🔊 [ai-audio块] resp=resp_BsPuP
🔊 [ai-audio块] resp=resp_BsPuP
🔊 [ai-audio块] resp=resp_BsPuP
🎧 [response.done] id=resp_BsPuPBJw8Of
🎙️ 上行块 #50（3200B）已发出
🎙️ 全双工会话：本地判定用户开口 —— 就地停声
🎧 [event] speech_started（服务端听到用户开口）
🎙️ 上行块 #100（64B）已发出
🎧 [event] speech_stopped（服务端判定用户说完）
🎧 [event] committed（用户音频已提交）
🎧 [response.created] id=resp_BsPuT5mraIs
🧾 [ai-text +2字] resp=resp_BsPuT 累计2字：「北京」
🧾 [ai-text +1字] resp=resp_BsPuT 累计3字：「是」
🧾 [ai-text +41字] resp=resp_BsPuT 累计44字：「中华人民共和国的首都，直辖市，也是政治、文化和国」
🧾 [ai-text +2字] resp=resp_BsPuT 累计46字：「东南」
🧾 [ai-text +1字] resp=resp_BsPuT 累计47字：「，」
🧾 [ai-text +1字] resp=resp_BsPuT 累计48字：「是」
🧾 [ai-text +2字] resp=resp_BsPuT 累计50字：「北方」
🧾 [ai-text +3字] resp=resp_BsPuT 累计53字：「重要的」
🧾 [ai-text +2字] resp=resp_BsPuT 累计55字：「经济」
🧾 [ai-text +3字] resp=resp_BsPuT 累计58字：「中心和」
🧾 [ai-text +2字] resp=resp_BsPuT 累计60字：「港口」
🧾 [ai-text +2字] resp=resp_BsPuT 累计62字：「城市」
🧾 [ai-text +1字] resp=resp_BsPuT 累计63字：「。」
🧾 [ai-text +2字] resp=resp_BsPuT 累计65字：「主要」
🧾 [ai-text +2字] resp=resp_BsPuT 累计67字：「区别」
🧾 [ai-text +2字] resp=resp_BsPuT 累计69字：「在于」
🧾 [ai-text +1字] resp=resp_BsPuT 累计70字：「：」
🧾 [ai-text +2字] resp=resp_BsPuT 累计72字：「北京」
🧾 [ai-text +2字] resp=resp_BsPuT 累计74字：「侧重」
🧾 [ai-text +2字] resp=resp_BsPuT 累计76字：「政治」
🧾 [ai-text +3字] resp=resp_BsPuT 累计79字：「与文化」
🧾 [ai-text +1字] resp=resp_BsPuT 累计80字：「，」
🧾 [ai-text +2字] resp=resp_BsPuT 累计82字：「天津」
🧾 [ai-text +2字] resp=resp_BsPuT 累计84字：「侧重」
🧾 [ai-text +2字] resp=resp_BsPuT 累计86字：「工业」
🧾 [ai-text +1字] resp=resp_BsPuT 累计87字：「与」
🧾 [ai-text +2字] resp=resp_BsPuT 累计89字：「航运」
🧾 [ai-text +1字] resp=resp_BsPuT 累计90字：「，」
🧾 [ai-text +1字] resp=resp_BsPuT 累计91字：「且」
🧾 [ai-text +1字] resp=resp_BsPuT 累计92字：「两」
🧾 [ai-text +1字] resp=resp_BsPuT 累计93字：「城」
🧾 [ai-text +2字] resp=resp_BsPuT 累计95字：「行政」
🧾 [ai-text +2字] resp=resp_BsPuT 累计97字：「地位」
🧾 [ai-text +2字] resp=resp_BsPuT 累计99字：「平行」
🧾 [ai-text +1字] resp=resp_BsPuT 累计100字：「但」
🧾 [ai-text +2字] resp=resp_BsPuT 累计102字：「职能」
🧾 [ai-text +2字] resp=resp_BsPuT 累计104字：「不同」
🧾 [ai-text +1字] resp=resp_BsPuT 累计105字：「。」
🔊 [ai-audio块] resp=resp_BsPuT
🔊 [ai-audio块] resp=resp_BsPuT
🎧 [user-transcript] item=item_BsPuPV4 「那个你说一下北京它和天津的区别是什么？」
🔊 [ai-audio块] resp=resp_BsPuT
🔊 [ai-audio块] resp=resp_BsPuT
🔊 [ai-audio块] resp=resp_BsPuT
🎙️ 上行块 #150（64B）已发出
🔊 [ai-audio块] resp=resp_BsPuT
🔊 [ai-audio块] resp=resp_BsPuT
🔊 [ai-audio块] resp=resp_BsPuT
🔊 [ai-audio块] resp=resp_BsPuT
🔊 [ai-audio块] resp=resp_BsPuT
🔊 [ai-audio块] resp=resp_BsPuT
🔊 [ai-audio块] resp=resp_BsPuT
🔊 [ai-audio块] resp=resp_BsPuT
🔊 [ai-audio块] resp=resp_BsPuT
🔊 [ai-audio块] resp=resp_BsPuT
🔊 [ai-audio块] resp=resp_BsPuT
🔊 [ai-audio块] resp=resp_BsPuT
🔊 [ai-audio块] resp=resp_BsPuT
🔊 [ai-audio块] resp=resp_BsPuT
🔊 [ai-audio块] resp=resp_BsPuT
🔊 [ai-audio块] resp=resp_BsPuT
🔊 [ai-audio块] resp=resp_BsPuT
🔊 [ai-audio块] resp=resp_BsPuT
🔊 [ai-audio块] resp=resp_BsPuT
🔊 [ai-audio块] resp=resp_BsPuT
🔊 [ai-audio块] resp=resp_BsPuT
🔊 [ai-audio块] resp=resp_BsPuT
🔊 [ai-audio块] resp=resp_BsPuT
🎙️ 全双工会话：本地判定用户开口 —— 就地停声
🎙️ 上行块 #200（3200B）已发出
🔊 [ai-audio块] resp=resp_BsPuT
🎧 [response.done] id=resp_BsPuT5mraIs
🎧 [event] speech_started（服务端听到用户开口）
🎧 [event] speech_stopped（服务端判定用户说完）
🎧 [event] committed（用户音频已提交）
🎧 [response.created] id=resp_BsPuRcIIXAD
🧾 [ai-text +2字] resp=resp_BsPuR 累计2字：「Of」
🧾 [ai-text +7字] resp=resp_BsPuR 累计9字：「 course」
🧾 [ai-text +1字] resp=resp_BsPuR 累计10字：「!」
🧾 [ai-text +2字] resp=resp_BsPuR 累计12字：「 I」
🧾 [ai-text +4字] resp=resp_BsPuR 累计16字：「 can」
🧾 [ai-text +6字] resp=resp_BsPuR 累计22字：「 speak」
🧾 [ai-text +8字] resp=resp_BsPuR 累计30字：「 English」
🧾 [ai-text +1字] resp=resp_BsPuR 累计31字：「.」
🧾 [ai-text +4字] resp=resp_BsPuR 累计35字：「 How」
🧾 [ai-text +4字] resp=resp_BsPuR 累计39字：「 can」
🧾 [ai-text +2字] resp=resp_BsPuR 累计41字：「 I」
🧾 [ai-text +5字] resp=resp_BsPuR 累计46字：「 help」
🧾 [ai-text +4字] resp=resp_BsPuR 累计50字：「 you」
🧾 [ai-text +6字] resp=resp_BsPuR 累计56字：「 today」
🧾 [ai-text +1字] resp=resp_BsPuR 累计57字：「?」
⏱️ [hitch] main thread busy for 79ms
🎧 [user-transcript] item=item_BsPuUUv 「Can you speak some English to me? 」
🔊 [ai-audio块] resp=resp_BsPuR
🎙️ 上行块 #250（2720B）已发出
🔊 [ai-audio块] resp=resp_BsPuR
🔊 [ai-audio块] resp=resp_BsPuR
🔊 [ai-audio块] resp=resp_BsPuR
🔊 [ai-audio块] resp=resp_BsPuR
🔊 [ai-audio块] resp=resp_BsPuR
🔊 [ai-audio块] resp=resp_BsPuR
🔊 [ai-audio块] resp=resp_BsPuR
🔊 [ai-audio块] resp=resp_BsPuR
🔊 [ai-audio块] resp=resp_BsPuR
🔊 [ai-audio块] resp=resp_BsPuR
🔊 [ai-audio块] resp=resp_BsPuR
🔊 [ai-audio块] resp=resp_BsPuR
🎧 [response.done] id=resp_BsPuRcIIXAD
🎙️ 全双工会话：本地判定用户开口 —— 就地停声
🎧 [event] speech_started（服务端听到用户开口）
🎙️ 上行块 #300（3200B）已发出
🎙️ 上行块 #350（64B）已发出
🎧 [event] speech_stopped（服务端判定用户说完）
🎧 [event] committed（用户音频已提交）
🎧 [response.created] id=resp_BsPuVcl4FLm
🧾 [ai-text +4字] resp=resp_BsPuV 累计4字：「Sure」
🧾 [ai-text +1字] resp=resp_BsPuV 累计5字：「!」
🧾 [ai-text +4字] resp=resp_BsPuV 累计9字：「 Let」
🧾 [ai-text +2字] resp=resp_BsPuV 累计11字：「's」
🎙️ 上行块 #400（3200B）已发出
🧾 [ai-text +5字] resp=resp_BsPuV 累计16字：「 chat」
🧾 [ai-text +3字] resp=resp_BsPuV 累计19字：「 in」
🧾 [ai-text +9字] resp=resp_BsPuV 累计28字：「 Japanese」
🧾 [ai-text +1字] resp=resp_BsPuV 累计29字：「.」
🧾 [ai-text +2字] resp=resp_BsPuV 累计31字：「

」
🧾 [ai-text +5字] resp=resp_BsPuV 累计36字：「こんにちは」
🧾 [ai-text +1字] resp=resp_BsPuV 累计37字：「！」
🧾 [ai-text +3字] resp=resp_BsPuV 累计40字：「今日は」
🧾 [ai-text +3字] resp=resp_BsPuV 累计43字：「どんな」
🧾 [ai-text +1字] resp=resp_BsPuV 累计44字：「お」
🧾 [ai-text +2字] resp=resp_BsPuV 累计46字：「話を」
🧾 [ai-text +5字] resp=resp_BsPuV 累计51字：「しましょう」
⏱️ [hitch] main thread busy for 56ms
🧾 [ai-text +1字] resp=resp_BsPuV 累计52字：「か」
🧾 [ai-text +1字] resp=resp_BsPuV 累计53字：「？」
🔊 [ai-audio块] resp=resp_BsPuV
🔊 [ai-audio块] resp=resp_BsPuV
🔊 [ai-audio块] resp=resp_BsPuV
🔊 [ai-audio块] resp=resp_BsPuV
🎧 [user-transcript] item=item_BsPuA19 「Oh, oh no, I really want to say some Japanese language and. 」
🔊 [ai-audio块] resp=resp_BsPuV
🔊 [ai-audio块] resp=resp_BsPuV
🔊 [ai-audio块] resp=resp_BsPuV
🔊 [ai-audio块] resp=resp_BsPuV
🔊 [ai-audio块] resp=resp_BsPuV
🔊 [ai-audio块] resp=resp_BsPuV
🔊 [ai-audio块] resp=resp_BsPuV
🔊 [ai-audio块] resp=resp_BsPuV
🔊 [ai-audio块] resp=resp_BsPuV
🔊 [ai-audio块] resp=resp_BsPuV
🔊 [ai-audio块] resp=resp_BsPuV
🔊 [ai-audio块] resp=resp_BsPuV
🎧 [response.done] id=resp_BsPuVcl4FLm
🎧 [event] speech_started（服务端听到用户开口）
🎙️ 全双工会话：本地判定用户开口 —— 就地停声
🎙️ 上行块 #450（2730B）已发出
🎙️ 上行块 #500（3200B）已发出
🎧 [event] speech_stopped（服务端判定用户说完）
🎧 [event] committed（用户音频已提交）
🎧 [response.created] id=resp_BsPuTerUNIs
🧾 [ai-text +2字] resp=resp_BsPuT 累计2字：「はい」
🧾 [ai-text +1字] resp=resp_BsPuT 累计3字：「、」
🧾 [ai-text +3字] resp=resp_BsPuT 累计6字：「日本語」
🧾 [ai-text +1字] resp=resp_BsPuT 累计7字：「を」
🧾 [ai-text +1字] resp=resp_BsPuT 累计8字：「話」
🧾 [ai-text +17字] resp=resp_BsPuT 累计25字：「せますよ。
何か質問がありますか？」
🔊 [ai-audio块] resp=resp_BsPuT
🎧 [user-transcript] item=item_BsPuSoV 「こんにちは。こんにちは。ユニソジャニーズランゲージ、do you know? 」
🔊 [ai-audio块] resp=resp_BsPuT
🔊 [ai-audio块] resp=resp_BsPuT
🔊 [ai-audio块] resp=resp_BsPuT
🔊 [ai-audio块] resp=resp_BsPuT
🔊 [ai-audio块] resp=resp_BsPuT
🔊 [ai-audio块] resp=resp_BsPuT
🎙️ 上行块 #550（64B）已发出
🔊 [ai-audio块] resp=resp_BsPuT
🔊 [ai-audio块] resp=resp_BsPuT
🔊 [ai-audio块] resp=resp_BsPuT
🎧 [response.done] id=resp_BsPuTerUNIs
🎙️ 上行块 #600（3200B）已发出
🎙️ 全双工会话：本地判定用户开口 —— 就地停声
🎧 [event] speech_started（服务端听到用户开口）
🎙️ 上行块 #650（64B）已发出
🎧 [event] speech_stopped（服务端判定用户说完）
🎧 [event] committed（用户音频已提交）
🎧 [response.created] id=resp_BsPuPsOxEJM
🧾 [ai-text +2字] resp=resp_BsPuP 累计2字：「はい」
🧾 [ai-text +1字] resp=resp_BsPuP 累计3字：「、」
🧾 [ai-text +3字] resp=resp_BsPuP 累计6字：「日本語」
🧾 [ai-text +1字] resp=resp_BsPuP 累计7字：「で」
🧾 [ai-text +1字] resp=resp_BsPuP 累计8字：「話」
🧾 [ai-text +3字] resp=resp_BsPuP 累计11字：「せます」
🧾 [ai-text +1字] resp=resp_BsPuP 累计12字：「。」
🧾 [ai-text +1字] resp=resp_BsPuP 累计13字：「
」
🧾 [ai-text +2字] resp=resp_BsPuP 累计15字：「何か」
🧾 [ai-text +2字] resp=resp_BsPuP 累计17字：「お手」
🧾 [ai-text +1字] resp=resp_BsPuP 累计18字：「伝」
🧾 [ai-text +1字] resp=resp_BsPuP 累计19字：「い」
🧾 [ai-text +3字] resp=resp_BsPuP 累计22字：「できる」
🧾 [ai-text +3字] resp=resp_BsPuP 累计25字：「ことは」
🧾 [ai-text +5字] resp=resp_BsPuP 累计30字：「ありますか」
🧾 [ai-text +1字] resp=resp_BsPuP 累计31字：「？」
🔊 [ai-audio块] resp=resp_BsPuP
🔊 [ai-audio块] resp=resp_BsPuP
🔊 [ai-audio块] resp=resp_BsPuP
🔊 [ai-audio块] resp=resp_BsPuP
🎧 [user-transcript] item=item_BsPuQQ8 「日本語、ありがとうですよ。」
🔊 [ai-audio块] resp=resp_BsPuP
🔊 [ai-audio块] resp=resp_BsPuP
🔊 [ai-audio块] resp=resp_BsPuP
🔊 [ai-audio块] resp=resp_BsPuP
🔊 [ai-audio块] resp=resp_BsPuP
🔊 [ai-audio块] resp=resp_BsPuP
🔊 [ai-audio块] resp=resp_BsPuP
🔊 [ai-audio块] resp=resp_BsPuP
🔊 [ai-audio块] resp=resp_BsPuP
🔊 [ai-audio块] resp=resp_BsPuP
🎧 [response.done] id=resp_BsPuPsOxEJM
🎙️ 上行块 #700（64B）已发出
🎙️ 上行块 #750（64B）已发出
🎙️ 上行块 #800（3200B）已发出
🎙️ 全双工会话：本地判定用户开口 —— 就地停声
🎧 [event] speech_started（服务端听到用户开口）
🎙️ 上行块 #850（64B）已发出
🎧 [event] speech_stopped（服务端判定用户说完）
🎧 [event] committed（用户音频已提交）
🎧 [response.created] id=resp_BsPuNHFgBv1
🧾 [ai-text +46字] resp=resp_BsPuN 累计46字：「Yes, I can speak Italian」
🎧 [user-transcript] item=item_BsPuIvt 「Your Italian is so the many. 」
🔊 [ai-audio块] resp=resp_BsPuN
🎙️ 上行块 #900（3200B）已发出
🔊 [ai-audio块] resp=resp_BsPuN
🔊 [ai-audio块] resp=resp_BsPuN
🔊 [ai-audio块] resp=resp_BsPuN
🔊 [ai-audio块] resp=resp_BsPuN
🔊 [ai-audio块] resp=resp_BsPuN
🔊 [ai-audio块] resp=resp_BsPuN
🔊 [ai-audio块] resp=resp_BsPuN
🔊 [ai-audio块] resp=resp_BsPuN
🔊 [ai-audio块] resp=resp_BsPuN
🎧 [response.done] id=resp_BsPuNHFgBv1
🎙️ 上行块 #950（64B）已发出
🎙️ 上行块 #1000（3200B）已发出
⏱️ [hitch] main thread busy for 41ms
🎙️ 上行块 #1050（64B）已发出
🎧 [event] speech_started（服务端听到用户开口）
🎧 [event] speech_stopped（服务端判定用户说完）
🎧 [event] committed（用户音频已提交）
🎧 [response.created] id=resp_BsPuUaxh6v5
🧾 [ai-text +1字] resp=resp_BsPuU 累计1字：「C」
🧾 [ai-text +4字] resp=resp_BsPuU 累计5字：「erto」
🧾 [ai-text +1字] resp=resp_BsPuU 累计6字：「!」
🧾 [ai-text +3字] resp=resp_BsPuU 累计9字：「 Di」
🧾 [ai-text +5字] resp=resp_BsPuU 累计14字：「 cosa」
🧾 [ai-text +4字] resp=resp_BsPuU 累计18字：「 vor」
🧾 [ai-text +5字] resp=resp_BsPuU 累计23字：「resti」
🧾 [ai-text +8字] resp=resp_BsPuU 累计31字：「 parlare」
🧾 [ai-text +1字] resp=resp_BsPuU 累计32字：「?」
🎧 [user-transcript] item=item_BsPuK3U 「」
🔊 [ai-audio块] resp=resp_BsPuU
🔊 [ai-audio块] resp=resp_BsPuU
🔊 [ai-audio块] resp=resp_BsPuU
🔊 [ai-audio块] resp=resp_BsPuU
🎙️ 上行块 #1100（64B）已发出
🔊 [ai-audio块] resp=resp_BsPuU
🔊 [ai-audio块] resp=resp_BsPuU
🔊 [ai-audio块] resp=resp_BsPuU
🎧 [response.done] id=resp_BsPuUaxh6v5
🎙️ 上行块 #1150（3200B）已发出
🎙️ 上行块 #1200（64B）已发出
🎙️ 上行块 #1250（64B）已发出
🎙️ 上行块 #1300（3200B）已发出
🎙️ 上行块 #1350（64B）已发出
🎙️ 上行块 #1400（3200B）已发出
🎙️ 上行块 #1450（64B）已发出
⏱️ [hitch] main thread busy for 43ms
🎙️ 上行块 #1500（2730B）已发出
⏱️ [hitch] main thread busy for 40ms
🎙️ 上行块 #1550（3200B）已发出
🎙️ 上行块 #1600（64B）已发出
⏱️ [hitch] main thread busy for 41ms
🎙️ 上行块 #1650（3200B）已发出
🎙️ 全双工会话：本地判定用户开口 —— 就地停声
🎙️ 上行块 #1700（64B）已发出
🎙️ 上行块 #1750（2730B）已发出
🎙️ 上行块 #1800（3200B）已发出
🎙️ 上行块 #1850（64B）已发出
🔥 语音聊天：音频引擎已预热
⏱️ [hitch] main thread busy for 157ms
⏱️ [hitch] main thread busy for 90ms
⏱️ [hitch] main thread busy for 124ms
🎙️ 上行块 #1900（64B）已发出
💬 语音聊天：会话已结束
💬 语音聊天开始连接：聊天类型=语音聊天 模式=三段式 预设=voice.threeStage.standard（标准三段式）
   识别=qwen-audio-3.1-realtime-plus 理解=deepseek-flash 表达=qwen-audio-3.1-tts-flash
   音色=qwen-audio-3.1-tts-flash-vw8747053-6d471ea7b676423992496d6a999220aa（族=三段式）画面=不允许
🎙️ BuddyDictationManager: continuous listening requested
⏱️ [hitch] main thread busy for 54ms
🎙️ VoicePlaybackEngine: the listening tap will go on the playback engine (one engine for capture and playback — the reference's rule, 坑 1)
🎙️ BuddyDictationManager: listening tap installed on the shared TTS engine
🎙️ BuddyDictationManager: continuous listening started
💬 [voicechat] 采集就绪 总耗时 172ms（屏幕=0 摄像头=0）
💬 语音聊天：会话已开始（角色「默认角色」，模式 三段式）
🌐 Bailian streaming request: 0.0MB, 0 image(s), model=deepseek-flash @ DeepSeek
💬 语音聊天：第一段音频已开始播 —— 状态切到「已连接」
🗣️ Streaming speech: queued segment 1 (13 chars)
🔊 TTS 合成：model=qwen-audio-3.1-tts-flash voice=qwen-audio-3.1-tts-flash-vw8747053-6d471ea7b676423992496d6a999220aa 文本 13 字
🗣️ Streaming speech: queued segment 2 (31 chars)
🔊 TTS 合成：model=qwen-audio-3.1-tts-flash voice=qwen-audio-3.1-tts-flash-vw8747053-6d471ea7b676423992496d6a999220aa 文本 31 字
⏱️ [hitch] main thread busy for 42ms
🗣️ Streaming speech: queued segment 3 (28 chars)
🔊 [aecprobe] t=1790291507.018 event=chunkStart segment 1
🔊 Bailian TTS: playing segment 1 (138KB)
🔊 [aecprobe] t=1790291509.627 event=chunkStart segment 2
🔊 Bailian TTS: playing segment 2 (345KB)
🔊 TTS 合成：model=qwen-audio-3.1-tts-flash voice=qwen-audio-3.1-tts-flash-vw8747053-6d471ea7b676423992496d6a999220aa 文本 28 字
🎙️ [aecprobe] t=1790291514.310 event=level botSpeaking=true level=0.452 peak0.5s=0.452 utteranceActive=no
🎙️ [aecprobe] t=1790291514.363 event=level botSpeaking=true level=0.326 peak0.5s=0.452 utteranceActive=no
🎙️ [aecprobe] t=1790291514.414 event=level botSpeaking=true level=0.326 peak0.5s=0.452 utteranceActive=no
🎙️ [aecprobe] t=1790291514.468 event=level botSpeaking=true level=0.558 peak0.5s=0.558 utteranceActive=no
🎙️ [aecprobe] t=1790291514.468 event=bargeIn trigger=mic level
🎙️ BuddyDictationManager: continuous listening detected speech (mic level, recent mic peak 0.558, transcript: "嗯。")
🔊 Streaming speech: barge-in — 丢掉剩下的音频，这一轮继续
🔊 [aecprobe] t=1790291514.469 event=chunkEnd (playback task cancelled)
🔊 Streaming speech: playback loop exited (playback task cancelled); 0 unplayed segment(s) dropped, first audio had started
🔇 SystemSpeakerMuteCoordinator: system speakers MUTED for recording (was unmuted before)
🔇 [aecprobe] t=1790291514.815 event=speakersMuted
⏱️ [listen] silence began — the 1.0s auto-send countdown starts now
⏱️ [listen] speech resumed — the silence countdown is reset
⏱️ [listen] silence began — the 1.0s auto-send countdown starts now
⏱️ [listen] silence lasted 1.0s — requesting the final transcript
🔊 SystemSpeakerMuteCoordinator: system speakers RESTORED after recording
🔊 [aecprobe] t=1790291517.863 event=speakersRestored
[Bailian ASR] ❌ Session failed: The operation couldn’t be completed. Socket is not connected
🌐 Bailian streaming request: 0.0MB, 0 image(s), model=deepseek-flash @ DeepSeek
❌ BuddyDictationManager: continuous listening session error: Error Domain=NSPOSIXErrorDomain Code=57 "Socket is not connected" UserInfo={NSErrorFailingURLStringKey=wss://ws-5f7g2kbjmzklf24t.cn-beijing.maas.aliyuncs.com/api-ws/v1/realtime?model=qwen3-asr-flash-realtime, NSErrorFailingURLKey=wss://ws-5f7g2kbjmzklf24t.cn-beijing.maas.aliyuncs.com/api-ws/v1/realtime?model=qwen3-asr-flash-realtime}
🗣️ Streaming speech: queued segment 1 (5 chars)
🔊 TTS 合成：model=qwen-audio-3.1-tts-flash voice=qwen-audio-3.1-tts-flash-vw8747053-6d471ea7b676423992496d6a999220aa 文本 5 字
🗣️ Streaming speech: queued segment 2 (30 chars)
🔊 TTS 合成：model=qwen-audio-3.1-tts-flash voice=qwen-audio-3.1-tts-flash-vw8747053-6d471ea7b676423992496d6a999220aa 文本 30 字
⏱️ [hitch] main thread busy for 41ms
🗣️ Streaming speech: queued segment 3 (31 chars)
⏱️ [hitch] main thread busy for 48ms
🗣️ Streaming speech: queued segment 4 (45 chars)
🗣️ Streaming speech: queued segment 5 (31 chars)
🔊 [aecprobe] t=1790291519.039 event=chunkStart segment 1
🔊 Bailian TTS: playing segment 1 (37KB)
🔊 TTS 合成：model=qwen-audio-3.1-tts-flash voice=qwen-audio-3.1-tts-flash-vw8747053-6d471ea7b676423992496d6a999220aa 文本 31 字
⏱️ [hitch] main thread busy for 75ms
🗣️ Streaming speech: queued segment 6 (30 chars)
🗣️ Streaming speech: queued segment 7 (30 chars)
⏱️ [hitch] main thread busy for 60ms
🗣️ Streaming speech: queued segment 8 (37 chars)
🗣️ Streaming speech: queued segment 9 (10 chars)
🔊 [aecprobe] t=1790291519.848 event=chunkStart segment 2
🔊 Bailian TTS: playing segment 2 (138KB)
🔊 [aecprobe] t=1790291522.434 event=chunkStart segment 3
🔊 Bailian TTS: playing segment 3 (105KB)
🔊 TTS 合成：model=qwen-audio-3.1-tts-flash voice=qwen-audio-3.1-tts-flash-vw8747053-6d471ea7b676423992496d6a999220aa 文本 45 字
🔊 [aecprobe] t=1790291524.435 event=chunkStart segment 4
🔊 Bailian TTS: playing segment 4 (243KB)
🔊 TTS 合成：model=qwen-audio-3.1-tts-flash voice=qwen-audio-3.1-tts-flash-vw8747053-6d471ea7b676423992496d6a999220aa 文本 31 字
🔊 [aecprobe] t=1790291528.887 event=chunkStart segment 5
🔊 Bailian TTS: playing segment 5 (146KB)
🔊 TTS 合成：model=qwen-audio-3.1-tts-flash voice=qwen-audio-3.1-tts-flash-vw8747053-6d471ea7b676423992496d6a999220aa 文本 30 字
🎙️ [aecprobe] t=1790291529.562 event=level botSpeaking=true level=1.000 peak0.5s=1.000 utteranceActive=no
🎙️ [aecprobe] t=1790291529.614 event=level botSpeaking=true level=1.000 peak0.5s=1.000 utteranceActive=no
🎙️ [aecprobe] t=1790291529.668 event=level botSpeaking=true level=0.816 peak0.5s=1.000 utteranceActive=no
🎙️ [aecprobe] t=1790291529.718 event=level botSpeaking=true level=0.816 peak0.5s=1.000 utteranceActive=no
🎙️ [aecprobe] t=1790291529.718 event=bargeIn trigger=mic level
🎙️ BuddyDictationManager: continuous listening detected speech (mic level, recent mic peak 1.000, transcript: "嗯。")
🔊 Streaming speech: barge-in — 丢掉剩下的音频，这一轮继续
🔊 [aecprobe] t=1790291529.721 event=chunkEnd (playback task cancelled)
🔊 Streaming speech: playback loop exited (playback task cancelled); 0 unplayed segment(s) dropped, first audio had started
🔇 SystemSpeakerMuteCoordinator: system speakers MUTED for recording (was unmuted before)
🔇 [aecprobe] t=1790291530.043 event=speakersMuted
⏱️ [listen] silence began — the 1.0s auto-send countdown starts now
⏱️ [listen] silence began — the 1.0s auto-send countdown starts now
⏱️ [hitch] main thread busy for 49ms
⏱️ [listen] silence began — the 1.0s auto-send countdown starts now
⏱️ [listen] silence lasted 1.0s — requesting the final transcript
[Bailian ASR] ❌ Session failed: The operation couldn’t be completed. Socket is not connected
❌ BuddyDictationManager: continuous listening session error: Error Domain=NSPOSIXErrorDomain Code=57 "Socket is not connected" UserInfo={NSErrorFailingURLStringKey=wss://ws-5f7g2kbjmzklf24t.cn-beijing.maas.aliyuncs.com/api-ws/v1/realtime?model=qwen3-asr-flash-realtime, NSErrorFailingURLKey=wss://ws-5f7g2kbjmzklf24t.cn-beijing.maas.aliyuncs.com/api-ws/v1/realtime?model=qwen3-asr-flash-realtime}
🌐 Bailian streaming request: 0.0MB, 0 image(s), model=deepseek-flash @ DeepSeek
⏱️ [hitch] main thread busy for 50ms
🔊 SystemSpeakerMuteCoordinator: system speakers RESTORED after recording
🔊 [aecprobe] t=1790291534.092 event=speakersRestored
🗣️ Streaming speech: queued segment 1 (12 chars)
🔊 TTS 合成：model=qwen-audio-3.1-tts-flash voice=qwen-audio-3.1-tts-flash-vw8747053-6d471ea7b676423992496d6a999220aa 文本 12 字
🗣️ Streaming speech: queued segment 2 (17 chars)
🔊 TTS 合成：model=qwen-audio-3.1-tts-flash voice=qwen-audio-3.1-tts-flash-vw8747053-6d471ea7b676423992496d6a999220aa 文本 17 字
🔊 [aecprobe] t=1790291535.402 event=chunkStart segment 1
🔊 Bailian TTS: playing segment 1 (150KB)
🔊 [aecprobe] t=1790291538.258 event=chunkStart segment 2
🔊 Bailian TTS: playing segment 2 (191KB)
🔊 [aecprobe] t=1790291541.795 event=chunkEnd (the whole reply played)
🔊 Streaming speech: playback loop exited (the whole reply played); 0 unplayed segment(s) dropped, first audio had started
🎙️ [aecprobe] t=1790291543.540 event=bargeIn trigger=mic level
🎙️ BuddyDictationManager: continuous listening detected speech (mic level, recent mic peak 0.873, transcript: "嗯。")
🔇 SystemSpeakerMuteCoordinator: system speakers MUTED for recording (was unmuted before)
🔇 [aecprobe] t=1790291543.691 event=speakersMuted
⏱️ [hitch] main thread busy for 44ms
⏱️ [listen] silence began — the 1.0s auto-send countdown starts now
⏱️ [listen] speech resumed — the silence countdown is reset
⏱️ [listen] silence began — the 1.0s auto-send countdown starts now
⏱️ [listen] speech resumed — the silence countdown is reset
⏱️ [listen] silence began — the 1.0s auto-send countdown starts now
⏱️ [listen] speech resumed — the silence countdown is reset
⏱️ [listen] silence began — the 1.0s auto-send countdown starts now
⏱️ [listen] speech resumed — the silence countdown is reset
⏱️ [listen] silence began — the 1.0s auto-send countdown starts now
⏱️ [listen] speech resumed — the silence countdown is reset
⏱️ [listen] silence began — the 1.0s auto-send countdown starts now
⏱️ [listen] silence lasted 1.0s — requesting the final transcript
🔊 SystemSpeakerMuteCoordinator: system speakers RESTORED after recording
🔊 [aecprobe] t=1790291550.375 event=speakersRestored
[Bailian ASR] ❌ Session failed: The operation couldn’t be completed. Socket is not connected
❌ BuddyDictationManager: continuous listening session error: Error Domain=NSPOSIXErrorDomain Code=57 "Socket is not connected" UserInfo={NSErrorFailingURLStringKey=wss://ws-5f7g2kbjmzklf24t.cn-beijing.maas.aliyuncs.com/api-ws/v1/realtime?model=qwen3-asr-flash-realtime, NSErrorFailingURLKey=wss://ws-5f7g2kbjmzklf24t.cn-beijing.maas.aliyuncs.com/api-ws/v1/realtime?model=qwen3-asr-flash-realtime}
🌐 Bailian streaming request: 0.0MB, 0 image(s), model=deepseek-flash @ DeepSeek
⏱️ [hitch] main thread busy for 50ms
🗣️ Streaming speech: queued segment 1 (2 chars)
🔊 TTS 合成：model=qwen-audio-3.1-tts-flash voice=qwen-audio-3.1-tts-flash-vw8747053-6d471ea7b676423992496d6a999220aa 文本 2 字
🗣️ Streaming speech: queued segment 2 (34 chars)
🔊 TTS 合成：model=qwen-audio-3.1-tts-flash voice=qwen-audio-3.1-tts-flash-vw8747053-6d471ea7b676423992496d6a999220aa 文本 34 字
⏱️ [hitch] main thread busy for 58ms
🗣️ Streaming speech: queued segment 3 (33 chars)
🗣️ Streaming speech: queued segment 4 (32 chars)
⏱️ [hitch] main thread busy for 53ms
🗣️ Streaming speech: queued segment 5 (30 chars)
🗣️ Streaming speech: queued segment 6 (34 chars)
🗣️ Streaming speech: queued segment 7 (19 chars)
🔊 [aecprobe] t=1790291551.584 event=chunkStart segment 1
🔊 Bailian TTS: playing segment 1 (97KB)
🔊 [aecprobe] t=1790291553.516 event=chunkStart segment 2
🔊 Bailian TTS: playing segment 2 (123KB)
🔊 TTS 合成：model=qwen-audio-3.1-tts-flash voice=qwen-audio-3.1-tts-flash-vw8747053-6d471ea7b676423992496d6a999220aa 文本 33 字
🔊 [aecprobe] t=1790291555.844 event=chunkStart segment 3
🔊 Bailian TTS: playing segment 3 (90KB)
🔊 TTS 合成：model=qwen-audio-3.1-tts-flash voice=qwen-audio-3.1-tts-flash-vw8747053-6d471ea7b676423992496d6a999220aa 文本 32 字
🔊 [aecprobe] t=1790291557.590 event=chunkStart segment 4
🔊 Bailian TTS: playing segment 4 (142KB)
🔊 TTS 合成：model=qwen-audio-3.1-tts-flash voice=qwen-audio-3.1-tts-flash-vw8747053-6d471ea7b676423992496d6a999220aa 文本 30 字
🔊 [aecprobe] t=1790291560.276 event=chunkStart segment 5
🔊 Bailian TTS: playing segment 5 (105KB)
🔊 TTS 合成：model=qwen-audio-3.1-tts-flash voice=qwen-audio-3.1-tts-flash-vw8747053-6d471ea7b676423992496d6a999220aa 文本 34 字
⏱️ [hitch] main thread busy for 47ms
🔊 [aecprobe] t=1790291562.289 event=chunkStart segment 6
🔊 Bailian TTS: playing segment 6 (198KB)
🔊 TTS 合成：model=qwen-audio-3.1-tts-flash voice=qwen-audio-3.1-tts-flash-vw8747053-6d471ea7b676423992496d6a999220aa 文本 19 字
⏱️ [hitch] main thread busy for 46ms
⏱️ [hitch] main thread busy for 51ms
🔊 [aecprobe] t=1790291565.931 event=chunkStart segment 7
🔊 Bailian TTS: playing segment 7 (45KB)
🔊 [aecprobe] t=1790291566.887 event=chunkEnd (the whole reply played)
🔊 Streaming speech: playback loop exited (the whole reply played); 0 unplayed segment(s) dropped, first audio had started
🎙️ [aecprobe] t=1790291567.450 event=bargeIn trigger=mic level
🎙️ BuddyDictationManager: continuous listening detected speech (mic level, recent mic peak 0.680, transcript: "嗯。")
🔇 SystemSpeakerMuteCoordinator: system speakers MUTED for recording (was unmuted before)
🔇 [aecprobe] t=1790291567.639 event=speakersMuted
⏱️ [listen] silence began — the 1.0s auto-send countdown starts now
⏱️ [listen] speech resumed — the silence countdown is reset
⏱️ [listen] silence began — the 1.0s auto-send countdown starts now
⏱️ [listen] speech resumed — the silence countdown is reset
⏱️ [listen] silence began — the 1.0s auto-send countdown starts now
⏱️ [listen] speech resumed — the silence countdown is reset
⏱️ [listen] silence began — the 1.0s auto-send countdown starts now
⏱️ [listen] silence lasted 1.0s — requesting the final transcript
🔊 SystemSpeakerMuteCoordinator: system speakers RESTORED after recording
🔊 [aecprobe] t=1790291572.738 event=speakersRestored
[Bailian ASR] ❌ Session failed: The operation couldn’t be completed. Socket is not connected
❌ BuddyDictationManager: continuous listening session error: Error Domain=NSPOSIXErrorDomain Code=57 "Socket is not connected" UserInfo={NSErrorFailingURLStringKey=wss://ws-5f7g2kbjmzklf24t.cn-beijing.maas.aliyuncs.com/api-ws/v1/realtime?model=qwen3-asr-flash-realtime, NSErrorFailingURLKey=wss://ws-5f7g2kbjmzklf24t.cn-beijing.maas.aliyuncs.com/api-ws/v1/realtime?model=qwen3-asr-flash-realtime}
🌐 Bailian streaming request: 0.0MB, 0 image(s), model=deepseek-flash @ DeepSeek
🗣️ Streaming speech: queued segment 1 (4 chars)
🔊 TTS 合成：model=qwen-audio-3.1-tts-flash voice=qwen-audio-3.1-tts-flash-vw8747053-6d471ea7b676423992496d6a999220aa 文本 4 字
🗣️ Streaming speech: queued segment 2 (37 chars)
🔊 TTS 合成：model=qwen-audio-3.1-tts-flash voice=qwen-audio-3.1-tts-flash-vw8747053-6d471ea7b676423992496d6a999220aa 文本 37 字
🗣️ Streaming speech: queued segment 3 (13 chars)
🔊 [aecprobe] t=1790291573.930 event=chunkStart segment 1
🔊 Bailian TTS: playing segment 1 (45KB)
🔊 [aecprobe] t=1790291575.357 event=chunkStart segment 2
🔊 Bailian TTS: playing segment 2 (138KB)
🔊 TTS 合成：model=qwen-audio-3.1-tts-flash voice=qwen-audio-3.1-tts-flash-vw8747053-6d471ea7b676423992496d6a999220aa 文本 13 字
⏱️ [hitch] main thread busy for 132ms
⏱️ [hitch] main thread busy for 49ms
🔊 [aecprobe] t=1790291579.405 event=chunkStart segment 3
🔊 Bailian TTS: playing segment 3 (48KB)
🎙️ [aecprobe] t=1790291579.604 event=level botSpeaking=true level=0.465 peak0.5s=0.465 utteranceActive=no
🎙️ [aecprobe] t=1790291579.658 event=level botSpeaking=true level=0.465 peak0.5s=0.465 utteranceActive=no
🎙️ [aecprobe] t=1790291579.708 event=level botSpeaking=true level=0.839 peak0.5s=0.839 utteranceActive=no
🎙️ [aecprobe] t=1790291579.759 event=level botSpeaking=true level=0.839 peak0.5s=0.839 utteranceActive=no
🎙️ [aecprobe] t=1790291579.759 event=bargeIn trigger=mic level
🎙️ BuddyDictationManager: continuous listening detected speech (mic level, recent mic peak 0.839, transcript: "嗯。")
🔊 Streaming speech: barge-in — 丢掉剩下的音频，这一轮继续
🔊 [aecprobe] t=1790291579.764 event=chunkEnd (playback task cancelled)
🔊 Streaming speech: playback loop exited (playback task cancelled); 0 unplayed segment(s) dropped, first audio had started
🔇 SystemSpeakerMuteCoordinator: system speakers MUTED for recording (was unmuted before)
🔇 [aecprobe] t=1790291579.808 event=speakersMuted
⏱️ [listen] silence began — the 1.0s auto-send countdown starts now
⏱️ [listen] speech resumed — the silence countdown is reset
⏱️ [listen] silence began — the 1.0s auto-send countdown starts now
⏱️ [listen] silence lasted 1.0s — requesting the final transcript
[Bailian ASR] ❌ Session failed: The operation couldn’t be completed. Socket is not connected
❌ BuddyDictationManager: continuous listening session error: Error Domain=NSPOSIXErrorDomain Code=57 "Socket is not connected" UserInfo={NSErrorFailingURLStringKey=wss://ws-5f7g2kbjmzklf24t.cn-beijing.maas.aliyuncs.com/api-ws/v1/realtime?model=qwen3-asr-flash-realtime, NSErrorFailingURLKey=wss://ws-5f7g2kbjmzklf24t.cn-beijing.maas.aliyuncs.com/api-ws/v1/realtime?model=qwen3-asr-flash-realtime}
🌐 Bailian streaming request: 0.0MB, 0 image(s), model=deepseek-flash @ DeepSeek
🔊 SystemSpeakerMuteCoordinator: system speakers RESTORED after recording
🔊 [aecprobe] t=1790291582.842 event=speakersRestored
🗣️ Streaming speech: queued segment 1 (22 chars)
🔊 TTS 合成：model=qwen-audio-3.1-tts-flash voice=qwen-audio-3.1-tts-flash-vw8747053-6d471ea7b676423992496d6a999220aa 文本 22 字
⏱️ [hitch] main thread busy for 59ms
🗣️ Streaming speech: queued segment 2 (21 chars)
🔊 TTS 合成：model=qwen-audio-3.1-tts-flash voice=qwen-audio-3.1-tts-flash-vw8747053-6d471ea7b676423992496d6a999220aa 文本 21 字
🔊 [aecprobe] t=1790291584.330 event=chunkStart segment 1
🔊 Bailian TTS: playing segment 1 (247KB)
🎙️ [aecprobe] t=1790291588.062 event=level botSpeaking=true level=0.644 peak0.5s=0.644 utteranceActive=no
🎙️ [aecprobe] t=1790291588.113 event=level botSpeaking=true level=0.644 peak0.5s=0.644 utteranceActive=no
🎙️ [aecprobe] t=1790291588.164 event=level botSpeaking=true level=0.719 peak0.5s=0.719 utteranceActive=no
🎙️ [aecprobe] t=1790291588.217 event=level botSpeaking=true level=0.719 peak0.5s=0.719 utteranceActive=no
🎙️ [aecprobe] t=1790291588.217 event=bargeIn trigger=mic level
🎙️ BuddyDictationManager: continuous listening detected speech (mic level, recent mic peak 0.719, transcript: "嗯。")
🔊 Streaming speech: barge-in — 丢掉剩下的音频，这一轮继续
🔊 [aecprobe] t=1790291588.217 event=chunkEnd (playback task cancelled)
🔊 Streaming speech: playback loop exited (playback task cancelled); 0 unplayed segment(s) dropped, first audio had started
🔇 SystemSpeakerMuteCoordinator: system speakers MUTED for recording (was unmuted before)
🔇 [aecprobe] t=1790291588.446 event=speakersMuted
⏱️ [listen] silence began — the 1.0s auto-send countdown starts now
⏱️ [listen] speech resumed — the silence countdown is reset
⏱️ [listen] silence began — the 1.0s auto-send countdown starts now
⏱️ [listen] speech resumed — the silence countdown is reset
⏱️ [listen] silence began — the 1.0s auto-send countdown starts now
⏱️ [listen] silence began — the 1.0s auto-send countdown starts now
⏱️ [listen] silence lasted 1.0s — requesting the final transcript
🔊 SystemSpeakerMuteCoordinator: system speakers RESTORED after recording
🔊 [aecprobe] t=1790291592.513 event=speakersRestored
[Bailian ASR] ❌ Session failed: The operation couldn’t be completed. Socket is not connected
❌ BuddyDictationManager: continuous listening session error: Error Domain=NSPOSIXErrorDomain Code=57 "Socket is not connected" UserInfo={NSErrorFailingURLStringKey=wss://ws-5f7g2kbjmzklf24t.cn-beijing.maas.aliyuncs.com/api-ws/v1/realtime?model=qwen3-asr-flash-realtime, NSErrorFailingURLKey=wss://ws-5f7g2kbjmzklf24t.cn-beijing.maas.aliyuncs.com/api-ws/v1/realtime?model=qwen3-asr-flash-realtime}
🌐 Bailian streaming request: 0.0MB, 0 image(s), model=deepseek-flash @ DeepSeek
🗣️ Streaming speech: queued segment 1 (2 chars)
🔊 TTS 合成：model=qwen-audio-3.1-tts-flash voice=qwen-audio-3.1-tts-flash-vw8747053-6d471ea7b676423992496d6a999220aa 文本 2 字
⏱️ [hitch] main thread busy for 45ms
🗣️ Streaming speech: queued segment 2 (30 chars)
🔊 TTS 合成：model=qwen-audio-3.1-tts-flash voice=qwen-audio-3.1-tts-flash-vw8747053-6d471ea7b676423992496d6a999220aa 文本 30 字
🗣️ Streaming speech: queued segment 3 (33 chars)
🗣️ Streaming speech: queued segment 4 (25 chars)
🔊 [aecprobe] t=1790291593.749 event=chunkStart segment 1
🔊 Bailian TTS: playing segment 1 (60KB)
🔊 [aecprobe] t=1790291594.878 event=chunkStart segment 2
🔊 Bailian TTS: playing segment 2 (71KB)
🔊 TTS 合成：model=qwen-audio-3.1-tts-flash voice=qwen-audio-3.1-tts-flash-vw8747053-6d471ea7b676423992496d6a999220aa 文本 33 字
🔊 [aecprobe] t=1790291596.148 event=chunkStart segment 3
🔊 Bailian TTS: playing segment 3 (138KB)
🔊 TTS 合成：model=qwen-audio-3.1-tts-flash voice=qwen-audio-3.1-tts-flash-vw8747053-6d471ea7b676423992496d6a999220aa 文本 25 字
⏱️ [hitch] main thread busy for 50ms
🔊 [aecprobe] t=1790291598.516 event=chunkStart segment 4
🔊 Bailian TTS: playing segment 4 (97KB)
🔊 Streaming speech: stopPlayback() while a segment was playing — abandoning the rest of the reply
🎙️ BuddyDictationManager: continuous listening ended
💬 语音聊天：会话已结束
🔊 [aecprobe] t=1790291599.323 event=chunkEnd (stopPlayback())
🔊 Streaming speech: playback loop exited (stopPlayback()); 0 unplayed segment(s) dropped, first audio had started
⏱️ [hitch] main thread busy for 47ms
⏱️ [hitch] main thread busy for 53ms
⏱️ [hitch] main thread busy for 106ms
⏱️ [hitch] main thread busy for 116ms
⏱️ [hitch] main thread busy for 77ms
🔥 语音聊天：音频引擎已预热
⏱️ [hitch] main thread busy for 183ms
⏱️ [hitch] main thread busy for 82ms
⏱️ [hitch] main thread busy for 118ms
⏱️ [hitch] main thread busy for 190ms
⏱️ [hitch] main thread busy for 45ms
⏱️ [hitch] main thread busy for 41ms
⏱️ [hitch] main thread busy for 118ms
⏱️ [hitch] main thread busy for 78ms
🔥 语音聊天：音频引擎已预热
⏱️ [hitch] main thread busy for 141ms
⏱️ [hitch] main thread busy for 40ms
⏱️ [hitch] main thread busy for 44ms
⏱️ [hitch] main thread busy for 42ms
⏱️ [hitch] main thread busy for 52ms
⏱️ [hitch] main thread busy for 64ms
⏱️ [hitch] main thread busy for 49ms
⏱️ [hitch] main thread busy for 49ms
⏱️ [hitch] main thread busy for 47ms
⏱️ [hitch] main thread busy for 42ms
⏱️ [hitch] main thread busy for 43ms
⏱️ [hitch] main thread busy for 47ms
⏱️ [hitch] main thread busy for 42ms
⏱️ [hitch] main thread busy for 40ms
⏱️ [hitch] main thread busy for 52ms
⏱️ [hitch] main thread busy for 46ms
⏱️ [hitch] main thread busy for 47ms
⏱️ [hitch] main thread busy for 43ms
⏱️ [hitch] main thread busy for 53ms
⏱️ [hitch] main thread busy for 47ms
